date,asset_return,market_return,smb,hml,risk_free_rate,return_a,return_b,return_c,policy_rate,inflation_gap,output_gap,level_a,level_b,level_c,seasonal_series,regime_proxy,spot_price,strike_price,time_to_maturity,implied_vol
2005-01-31,0.23376314923547503,0.12320708871439966,-0.00957288614653226,-0.005190703552294561,0.02,1.1688157461773752,0.33747575486493736,0.8996990649038376,2.4984724687964475,0.36141523654999347,0.16147197462476875,101.17881574617738,165.09641352437717,78.51215180691715,2.227068229961948,0,103.39395529246991,101.32607618662051,0.2,0.2
2005-02-28,-0.028898814503434213,0.06586094173878188,-0.011084464373370625,-0.0009130749154339375,0.020249349466770455,0.5343520409140631,0.562932504678913,0.38078462074397923,1.6212191346234608,0.4140040747084316,0.01743435875506706,101.72316778709144,166.2863571870547,80.17483521265702,2.292666822236901,0,104.13171825492293,102.04908388982447,0.20543933054393307,0.24259086831879756
2005-03-31,0.000619365477603882,0.0627709693572159,5.768812157802474e-05,-0.008257431297221835,0.020494807918509047,0.3152683060245842,0.42894238096959914,0.26949369326733713,1.2044706806320093,0.3839373276526551,-0.06257539786949663,102.04843609311602,167.29368823261217,78.87255009698418,2.3069950883993475,0,105.18477400217769,103.08107852213413,0.21087866108786613,0.25694391748523593
2005-04-30,0.36956345628807274,0.3352702211995888,-0.00614842560581045,-0.013353100759129346,0.020732545058172097,0.25631475692352335,0.23189140392781776,0.14404110951960353,0.9502435898913666,0.07005939099701583,0.4360635873681854,102.31475085003954,166.90341224301218,79.78844573799711,2.425818904350475,0,110.24166401618463,108.03683073586093,0.21631799163179918,0.2673869696850949
2005-05-31,0.20290514744834423,0.18703594370374751,0.0428115482863142,-0.017301581467681383,0.020958851077208407,0.16390447868514782,0.12999381429228352,0.06908121467461084,0.6420261781796007,-0.07881330046291551,0.4764731832288586,102.48865532872469,166.7571921183507,78.30583380745269,2.2725801590518997,0,113.63202950137324,111.35938891134577,0.22175732217573224,0.308038176475022
2005-06-30,-0.11638504005381026,-0.05833902941992929,0.015917047347279653,-0.03263820620074113,0.021170194545880924,0.07104654172549414,0.09726257020894691,0.02155507553640243,0.29244922219028324,0.06873292318006238,-0.18512422300188544,102.56970187045019,166.8912335591926,78.46672101299642,2.1603096516374065,0,113.4459954163128,111.17707550798654,0.22719665271966527,0.3158736044845614
2005-07-31,-0.08049829454908246,-0.06996747681770962,0.00895420501780484,-0.05957390413469278,0.02136327752004667,0.03741637421824001,0.06126438246033986,0.02616213963072857,-0.0227763889205147,0.01028812158077183,-0.14931304587316682,102.61711824466843,168.22576676065066,79.88443654863784,2.3109898096877672,0,113.66745032226385,111.39410131581857,0.23263598326359836,0.31578750986164683
2005-08-31,-0.9327584424241318,-0.6995723303520512,-0.006973757265310326,-0.03465255563427473,0.021535087004472056,-0.09171140383576995,-0.009928669779668935,0.0022666281974391377,-0.10941469260475237,-0.06641264252830337,-0.053158088832157585,102.53540684083266,166.55230247354572,79.92126411471654,2.273994024790386,0,104.58511512452384,102.49341282203336,0.23807531380753139,0.3141499047263056
2005-09-30,0.3188739788392657,0.226622380789655,0.008702377328928035,-0.00903420492008991,0.021682941969615795,-0.0008732195427078523,0.04649393483179569,0.04932408887906773,-0.22941374888687738,-0.24902697805948115,0.05156740945146737,102.54453362128994,167.848971365565,78.96241657442616,2.3077670867889224,0,109.05895816199494,106.87777899875503,0.24351464435146444,0.46774318864814646
2005-10-31,0.13842304266771763,0.10274239045493559,0.013618758778110461,0.021265213200505305,0.02180453518819819,0.015077858052364508,-0.014937428096221145,0.022075807043902076,-0.3958780788919527,-0.2404709672881925,0.09540497512841778,102.56961147934231,165.82971068866834,80.5239823704081,2.2695840603529467,0,111.69042043299646,109.45661202433654,0.2489539748953975,0.4526439711563201
2005-11-30,-0.10545953593394267,-0.07355757435545085,0.035047385559305394,0.015787155821300664,0.021897969238711172,-0.007876107778894805,-0.06533992607718891,0.010577147068377684,-0.8274242118556318,-0.5073055167344882,-0.00600321118127068,102.57173537156342,167.2480502163151,81.19222249305544,2.163480589628362,0,111.62945928910534,109.39687010332324,0.2543933054393306,0.4271932254034958
2005-12-31,-0.033564573507134134,-0.03417149607310423,0.030782764991575624,-0.013538952024011095,0.02196178611404631,-0.015515664924170745,-0.0167345912716058,-0.023472300240341352,-1.055704893870189,-0.3396549851148427,-0.2906773157782069,102.56621970663925,166.9718806036935,81.60112848679437,2.123991867570421,0,112.37354330296985,110.12607243691045,0.2598326359832636,0.40484861411225936
2006-01-31,-0.17344780363877454,-0.14508467560928862,0.04492084369342601,-0.011244112905254393,0.02199498997320811,-0.02670478175385746,-0.04423931665485878,0.038177551059895565,-0.8394038021121609,-0.2200452392735972,-0.02922744702489513,102.54951492488539,166.11327481234352,80.66306989157474,2.2392654394459948,0,111.55120794179697,109.32018378296104,0.26527196652719665,0.38470975235257754
2006-02-28,-0.14194862516626358,-0.08793029777236289,0.05801874556213166,-0.011095609163338823,0.021997062681079663,-0.030703279624830465,-0.016500512978601216,0.04366762812012083,-0.9906984042723546,-0.4133160479331147,-0.15976994011890805,102.52881164526056,165.74984674822835,80.2075994513572,2.3375515048378173,0,111.08424606610754,108.86256114478539,0.27071129707112973,0.37370178305065355
2006-03-31,0.4006929992595364,0.2918981767709818,0.023316462980072044,-0.003065610113230111,0.021967971893747874,0.03096760149281633,-0.061803284403129,0.02494146323420002,-0.6249331673207238,-0.07172716522727154,-0.09660531599618527,102.56977924675337,166.23897500911966,78.44188888067086,2.5450076646566635,0,116.78775025403687,114.45199524895612,0.27615062761506276,0.3629742075922315
2006-04-30,-0.11468975353782779,-0.08094888812249362,-0.0037116358053400546,0.010217067791575375,0.02190817156321939,-0.015228003335839171,-0.006807121358082532,0.008396580774864132,-0.5787030035189475,-0.37380498307820287,0.32031139390228797,102.56455124341754,166.7331032831938,78.7762323242992,2.3278816076733886,0,116.61631787308883,114.28399151562705,0.28158995815899585,0.3811074624643382
2006-05-31,-0.5281164686434854,-0.38620609167414405,-0.014206090264978875,0.013205096444822685,0.021818594853651365,-0.06307910014722293,0.04142746111463484,0.04962312712407627,-0.5729301677657035,-0.19383909874261712,-0.013219385669397149,102.51147214327031,166.82059226426992,79.99934299710303,2.344880657795623,0,111.72914171071653,109.4945588765022,0.2870292887029289,0.36760166476391926
2006-06-30,0.16463170057617632,0.10567796611772112,-0.03085346500111378,0.003552921225227906,0.021700639579636905,0.0041879617726985965,0.06566332302150314,0.013830162638092858,0.043480960307379427,0.024674274507492433,0.2755942969314879,102.52566010504302,167.45406436139166,78.93423971372742,2.291840284617913,0,114.72531830387848,112.43081193780091,0.29246861924686196,0.40552330154303706
2006-07-31,0.46125285145540207,0.3185737869928969,-0.024714977564436313,0.052992856253057254,0.021556146393775844,0.05704544123283316,0.043110056062437854,0.021206090710830447,-0.15046045085755222,-0.17989023046953914,0.0006381755685279378,102.59270554627585,167.57487697113757,77.79754160675603,2.1964817588375047,0,121.34843310790528,118.92146444574718,0.297907949790795,0.38995491927971526
2006-08-31,-0.1841722604927872,-0.1369640877153014,-0.016967624457806182,0.003729723188317378,0.021387370063906543,0.006160372774987346,-0.009725570263278804,-0.02508662095170225,0.13496057489321525,0.1341670995251773,-0.026474993358597168,102.60886591905083,166.61429299742514,80.67267356467131,2.252121305425746,0,120.33130262956404,117.92467657697276,0.303347280334728,0.4103610136106425
2006-09-30,-0.2822824830874965,-0.20110585918893858,0.00973182631441976,-0.008342989575515526,0.021196944288207915,-0.024750741321055855,-0.005139437493617652,-0.021561172092913375,0.1633039339484617,0.14340994395618128,-0.008148887309155101,102.59411517772978,166.17174825348775,79.52512069363058,2.1552772644846887,0,118.15774403234734,115.7945891517004,0.3087866108786611,0.3950920462098867
2006-10-31,0.681090206781533,0.49439811372564213,0.017349142531461196,-0.02689364934764896,0.02098784059722018,0.06278334819743832,-0.052326617860553516,-0.026685975037469976,0.17493823201980102,0.11278966885471615,0.010165574710618533,102.66689852592722,168.03812155858012,79.48448852913567,2.035988545006031,0,127.75694175993945,125.20180292474066,0.3142259414225942,0.3910395140126019
2006-11-30,0.7810297815981323,0.560370287103458,0.014307078413638107,-0.00799788634300564,0.020763321984104664,0.07808649279193053,0.017304562652530015,0.006023758672891014,0.6861429427202409,0.5279820576292935,-0.09014456373880911,102.75498501871914,167.11494353740514,79.91936360859499,1.8612917022758295,0,139.52343003481508,136.73296143411878,0.3196652719665272,0.45190156555748384
2006-12-31,-0.2681732969255492,-0.19227899577606422,-0.01612912977840165,0.005110241424974748,0.02052689198672684,0.005606386655393182,0.03901513323175232,-0.012129004767251114,1.246192699096728,0.617142351755926,0.13617349770984324,102.77059140537455,167.73604462886638,81.0603019607498,1.8066007648422007,0,137.1966385605958,134.45270578938388,0.32510460251046025,0.5144791271058812
2007-01-31,0.17160024157968543,0.14413218004343323,-0.012934268847267814,0.008653818627755137,0.020282240016119734,0.026019209821173703,0.03926602612388764,0.029444783976725043,1.2717382499555498,0.5288167048841748,-0.018920163011576854,102.80661061519571,167.59323773540424,79.7172063999406,1.6797512668310908,0,140.97396653991152,138.15448720911328,0.33054393305439334,0.48633898748023446
2007-02-28,0.5259982237431604,0.3976257552555955,0.0009933066688022811,-0.0009637880401944933,0.020033183784458695,0.06102171905207447,0.0416796695957293,-0.0012313551566572288,1.0354214343467527,0.45644586140587295,-0.17871522710662768,102.87763233424779,167.63479499520227,81.42720656273359,1.5866132514827698,0,150.0809869261456,147.0793671876227,0.3359832635983264,0.45674118096270083
2007-03-31,-0.12367805058546996,-0.08920989328922245,0.00877252833676703,0.026542894896906092,0.019783609730939785,0.015078712626782866,0.0753632109102397,-0.0003197715648692945,1.4364126460881166,0.6186196329720723,0.11327016858039261,102.90271104687457,168.1395435743289,78.2456608678784,1.5116381940684926,0,149.7260447888362,146.73152389305946,0.34142259414225945,0.47058700935677394
2007-04-30,-0.9653445012408265,-0.6935280419196328,-0.014142415964670897,0.023268422172710683,0.019537412375195958,-0.06739905627323868,0.005328854910349783,0.015845843663798348,0.7468875436634076,0.27484817788626337,-0.28563814908833346,102.84531199060133,166.67272584021757,80.11006799831755,1.4242319951298317,0,137.31434767697286,134.5680607234334,0.3468619246861925,0.44144551244780145
2007-05-31,-0.04125032497069209,-0.02236119699052312,-0.0033562301228012093,-0.010070890529996136,0.019298433544620762,-0.019923561653480866,-0.03859667788048228,-0.007331942223450316,0.11174423615389725,-0.11240879161862,-0.023379984298227352,102.83538842894785,167.1132184569457,79.18181026412188,1.3765016474958207,0,138.12343937380908,135.36097058633288,0.35230125523012557,0.5499694813438848
2007-06-30,0.20494399060165772,0.14383991403187743,-0.015696248191720944,0.0047965711694327885,0.01907040242393678,0.002142769393212871,-0.022294047762041032,0.0006659361981172143,-0.20376209146743368,-0.08950775562712844,-0.2054916646750069,102.84753119834106,167.97326048127874,77.98964791438063,1.353100538527048,0,142.40030952657577,139.55230333604425,0.3577405857740586,0.5061245283751444
2007-07-31,0.19305503677734567,0.1409117013852183,-0.006282415820184863,0.00042366979915947015,0.018856877362515314,0.01099954777994698,-0.035012394884490275,-0.03357869576134153,-0.39430537134790045,-0.24705558541994263,-0.10555087909599285,102.86853074612101,167.17691771372427,80.8721848543049,1.4164092207007917,0,146.63517162952985,143.70246819693926,0.3631799163179916,0.4750649169467613
2007-08-31,0.508792311013511,0.3701964762615347,-0.0018457553004240345,0.005822215788525555,0.018661190347524528,0.0418016314529139,-0.05429373924829921,-0.080946885810428,-0.6428414594685529,-0.18987319500741362,-0.24128088339524736,102.92033237757393,167.68055050272181,80.35592793615402,1.6204077278217979,0,155.83954300019073,152.7227521401869,0.3686192468619247,0.4486127966923683
2007-09-30,-0.39916374699320967,-0.28696710562758754,0.00686215156281673,0.03139384025077255,0.018486395009384145,-0.03231931086186084,-0.09120719424149903,-0.029202130651523477,-0.025696745646304114,0.10834963990334326,0.002146271027895899,102.89801306671207,167.47324275338633,80.4584761673135,1.5403531361794123,0,151.24643595462624,148.22150723553372,0.3740585774058578,0.4617568954139194
2007-10-31,-0.1181264182894988,-0.08740875591521195,-0.006351531148329304,0.005072015447832248,0.018335218970884026,-0.03326871939885495,-0.060571669635189014,-0.01586824125442299,0.17267834776598434,0.332155516255666,-0.35130022125831856,102.87474434731321,168.70850462806757,78.4661688046205,1.7824775160269353,0,150.97252866124137,147.95307808801655,0.3794979079497908,0.45674674966386714
2007-11-30,-0.42224962404096705,-0.3005486543239388,0.019439927837114113,-0.004347688941604797,0.018210021283542835,-0.06131797864395125,-0.03058983497848062,-0.03053770100977578,-0.21877658842146147,0.05055343436788223,-0.3683915956198577,102.82342636866926,167.07351626324183,80.23206276450114,1.8231534874768511,0,146.18499789363486,143.26129793576214,0.38493723849372385,0.4297385971656985
2007-12-31,0.5768448255746809,0.39371790859038897,0.01780555518794947,0.037349181754801467,0.018112755615398074,0.028253198452891645,-0.03175580309525187,-0.047216486520408586,-0.4093237793213954,-0.04628765095715676,-0.4186951324352974,102.86167956712215,168.2413998509756,78.75734875053371,1.9993780601049358,0,156.42198871273334,153.29354893847866,0.39037656903765694,0.4347504670240832
2008-01-31,0.5695659429860648,0.4058683204998976,0.018308194986059234,-7.162199935210542e-05,0.018044939764669806,0.048551534173585334,-0.056764169154016005,-0.012193921639158058,-0.4422897494621183,-0.13790978969542342,-0.06576709953426918,102.92023110129574,167.44215161774977,79.30810651577154,2.214799504754339,0,167.2540652800295,163.9089839744289,0.39581589958159,0.4626134551453226
2008-02-29,-0.6575218869788602,-0.4539691218659294,0.005664263953288732,0.006727125285210221,0.01800763197502704,-0.050343934987951464,-0.0019369220723212816,-0.04972921561549827,-0.5272431871299075,-0.3860712258654122,0.2911034545341708,102.87988716630778,167.94895583820667,79.24807794333753,2.2458510906092446,0,158.1844593992054,155.02077021122128,0.40125523012552305,0.4820222959624478
2008-03-31,-0.6057276790604069,-0.4375681958708106,0.015510767714062556,0.0017016319236769694,0.018001414422049243,-0.06110082233411576,-0.018890625959569616,-0.06052565788765389,-0.35928261401993145,-0.1968807122266486,0.22758757900148074,102.82878634397366,168.11530558684868,78.0659540119236,2.0962388995838532,0,150.38355273430452,147.37588167961843,0.4066945606694561,0.511621334218681
2008-04-30,0.02434254746172039,0.0020735534750234708,-0.003909221848803286,0.0009342579793689724,0.01802638412857112,-0.019906168932066627,-0.07131073430490562,-0.028664048463782125,-0.06941045407493682,-0.012180281577267957,0.032409647983616036,102.8188801750416,166.72363675531244,80.22502838238063,2.3760248049003403,0,152.26513392591676,149.21983124739842,0.41213389121338917,0.5249160188780635
2008-05-31,-0.23762013957598088,-0.18959710523294582,-0.014623838183706453,0.006007663646034449,0.018082151450673725,-0.039678443026732096,-0.06257561040508366,-0.06700122760433713,0.3332164406957266,0.10175050550318293,0.25797495421401156,102.78920173201487,168.34181347643184,77.86863664407173,2.2210191912858535,0,150.18401208719564,147.18033184545172,0.4175732217573222,0.4847697219388915
2008-06-30,-0.5843163290626747,-0.4196770132308858,0.03610657569304675,0.002070492661564221,0.018167846157947514,-0.07443222681333138,-0.07867797657283665,-0.02338856461264226,-0.06532326235043431,-0.22921343675853992,0.21821446357383892,102.72476950520154,166.24052340152647,82.28569151295405,2.368838876333005,0,143.08368324246376,140.22200957761447,0.42301255230125523,0.4595717346435583
2008-07-31,-0.6520627013655674,-0.5065024297489337,-0.03565771907432088,0.0042733067036067095,0.018282131013146817,-0.09066765226291051,-0.08161373160975845,-0.03679353846045343,0.007463238268319336,-0.00431832065498039,0.015352223598403422,102.64410185293863,167.14399005544487,79.34187531087898,2.39145400002596,0,135.3986495249194,132.69067653442102,0.4284518828451883,0.48222442905587515
2008-08-31,-0.42818884734066115,-0.3121226186080429,-0.026428001512175864,0.0021856936511511433,0.018423222639329807,-0.07701059352360137,-0.05973448714337813,-0.032153305619267,0.15899189276863784,0.2540191807247895,-0.09091026808109234,102.57709125941503,167.65006817089625,79.37347310643486,2.333207638985774,0,131.02714319863077,128.40660033465815,0.4338912133891214,0.5107910720585758
2008-09-30,0.13068841520282254,0.08042609524173543,-0.03813571918176519,-0.0038136331784625775,0.018588919348859215,-0.026282874511277757,-0.02593798524987357,-0.03559829896545577,0.08719857121411026,0.20735392025492239,-0.5606601808647949,102.56080838490375,167.63252349544024,79.01330947452759,2.160967793411076,0,134.08492169976006,131.40322326576486,0.43933054393305443,0.49917558184277566
2008-10-31,0.9385592017187077,0.6722061051115846,-0.020034599763533285,0.013978394331068024,0.018776635500001537,0.06376554845969683,0.008085330168561434,-0.009745479363736327,-0.4590025084618998,-0.0746510068050878,-0.4739759425456789,102.63457393336344,166.6010119216505,81.08450585125038,2.1515083062021083,0,148.75925536330806,145.7840702560419,0.44476987447698746,0.46556267960162895
2008-11-30,0.21922964528992778,0.18773458687702269,0.002265422725065749,-3.034426432337728e-05,0.018983441845001482,0.03368930247176152,-0.002450174942544261,-0.030714776640831623,-0.07821911029783932,0.10832191568760119,-0.10791429511165379,102.6782632358352,165.71298245824403,79.8159553743097,2.125257038495181,0,153.5847033130775,150.51300924681595,0.45020920502092054,0.5589176927382441
2008-12-31,-0.1778040052980503,-0.11897601126173173,0.003526764070586107,0.016921676466783456,0.019206111240013507,-0.002449563533090034,-0.0007465805937765888,0.0014295953153663724,-0.14681187352102562,-0.004160410560869965,-0.15051277917678768,102.68581367230212,165.82998089946554,81.96706319106961,2.1123443326161264,0,152.39438937026154,149.3465015828563,0.4556485355648536,0.519992345416651
2009-01-31,-0.7115149224075861,-0.5432387431405529,-0.01861806585508468,-0.003009664661761018,0.019441169003602148,-0.057617458973755975,-0.025327649495570904,0.008113941410814349,0.11414597828788275,0.18136059161704493,-0.04827947196784918,102.63819621332836,167.52740769194492,81.2360551619995,2.226571780242259,0,143.35446439691358,140.4873751089753,0.46108786610878666,0.4851100778686149
2009-02-28,0.2001590950643004,0.14184765505923871,-0.011656453791190317,-0.0018094210501473293,0.019684947137983716,-0.004819271101094761,-0.005566484207388325,-0.05731242714787909,-0.07146213753842973,-0.15470495614771562,0.03191721655417694,102.64337694222726,168.3597436854417,79.59883098324927,2.1123927818644677,0,147.72260797536396,144.7681558158567,0.4665271966527197,0.5238647556764774
2009-03-31,-0.9699106971062146,-0.733457849244824,0.0016907483199286545,-0.009614175075725224,0.019933641566904886,-0.08461563483581248,0.002024885055631023,-0.0012585225138369294,-0.11253256892055853,-0.13020855900599299,0.14856162024030845,102.56876130739145,165.85457129302767,81.34777315956107,2.1477140158424426,0,135.41514052920286,132.7068377186188,0.4719665271966528,0.4895586308240874
2009-04-30,-0.7537002740064954,-0.5644569649878883,-0.017417116523300958,-0.000187973038480897,0.020183371496980355,-0.07702124064126648,-0.021565755723322522,0.0025531873030587575,0.10843521941638529,0.12136256969226906,-0.12929206706971047,102.50174006675019,167.21244525719285,80.18768764731908,2.297849817979876,0,126.84617699246184,124.3092534526126,0.4774058577405858,0.5819299921826901
2009-05-31,0.7212837497684316,0.5038104090117534,-0.03248050655086896,-0.022820940125362163,0.020430239976175633,0.01954176248502875,-0.016279423289744303,-0.0009706573759382157,0.35891131066332405,0.19518990984834084,0.018200793167076568,102.53128182923521,165.84355758893136,79.68400928393818,2.253458376599473,0,137.70359633248702,134.94952440583728,0.4828451882845189,0.6030506916923377
2009-06-30,-0.05379952820727471,-0.03563878117052708,0.020352178516178474,-0.034364496320397245,0.02067039470444017,-0.004957378930947531,0.007261827627295064,0.0044519153779961325,0.6055592141807442,0.2212542465840961,0.2344634457396964,102.53632445030426,167.1887696846895,79.01559519165187,2.5070947615652117,0,138.3412653405049,135.5744400336948,0.4882845188284519,0.6135941177526678
2009-07-31,0.1485868983158513,0.10732177761337852,0.016700128422374443,-0.02113426273747498,0.020900088147561235,0.010261129424411647,-0.021916840112887404,0.00635839341891585,0.8797308872716648,0.389990582881921,0.17870650327672777,102.55658557972868,167.33952012748188,80.31310512116336,2.4462882738524843,0,141.82334864874807,138.9868816757731,0.49372384937238495,0.5604225662289768
2009-08-31,0.28923011970523665,0.20703907890997206,0.022020710862823107,-0.008838868227541758,0.021115736016181882,0.021426100104585604,-0.002150421181030352,-0.01928660728546654,0.5023627732470207,0.10516877325221477,0.0031486546869379656,102.58801167983327,167.3102214976585,79.84067558146448,2.1068127087859576,0,147.452379312271,144.50333172602558,0.49916317991631803,0.5177530515847507
2009-09-30,-0.4821115643955202,-0.34616538331210356,0.022789126397522612,-0.004468362825564898,0.02131397319743758,-0.03417992278217622,0.00618166473571836,0.009253874073100667,0.38096369149050785,0.2907725201783793,-0.22416458220203497,102.56383175705109,166.44505792606913,79.53264626104004,2.1917314568209596,0,141.92434232609372,139.08585547957185,0.5046025104602511,0.49071863852110775
2009-10-31,0.08232920691679396,0.04457611632058325,0.01803565911070279,-0.00021894243620898535,0.021491706266416975,-0.0007493862745483141,-0.0030229261011192675,-0.014463195074824032,0.5252432133125221,0.3173995314933815,-0.2740249000869264,102.57308237077655,166.11432567769594,80.73197067823591,2.1409442149274893,0,144.5357722565695,141.64505681143808,0.5100418410041841,0.49027354464942624
2009-11-30,-0.8089371323361392,-0.6043832969376025,-0.0008940416872727812,-0.022168655764501524,0.021646161758023013,-0.07275461103563872,-0.015656644259133407,0.04479651810425185,0.2319523689869183,0.052105279444050384,-0.15422949033988362,102.5103277597409,166.84256364051816,80.70052486161973,2.159272609657977,0,134.64387400770826,131.95099652755408,0.5154811715481171,0.45654801462545525
2009-12-31,-0.06443429594621644,-0.02294631114828536,0.00702289209224756,0.02409419301564769,0.02177492944596815,-0.028714978480115408,-0.03247892609238171,-0.0453230747396133,0.09004901023006609,0.1866722962008829,-0.5101612375940119,102.49161278126078,168.80399317111016,80.03123452053691,1.8693951382495153,0,135.12359700389945,132.42112506382145,0.5209205020920502,0.523634652886626
2010-01-31,0.034093554145493456,0.010987641422434233,-0.0006000124883498836,0.02666231480922746,0.02187599995354948,-0.013642009610243916,-0.07241736517038547,0.005071716797204053,0.1447133548292511,0.36469077707865316,-0.56549674588477,102.48797077165054,166.97927465205365,79.35108295006381,1.965451956012672,0,136.94772016590963,134.20876576259144,0.5263598326359833,0.4842024202315141
2010-02-28,0.6293693959164225,0.44904059745343533,-0.02108011596117671,0.016006831897515904,0.021947796109300092,0.03809974917518,-0.028343801841694768,0.025906238161989677,0.04195058274831222,0.13414385682123744,-0.4042404528878841,102.53607052082572,167.4195597829677,80.29233024255154,1.9795093003893898,0,147.30955484973185,144.3633637527372,0.5317991631799164,0.4505943621396982
2010-03-31,-0.03835577796646643,-0.017398202622129752,0.015233096627254004,0.013554603899443567,0.021989197558222352,0.0004847173553801463,-0.014084739393429,0.012678337731181644,-0.17179040931495976,0.04456671229283614,-0.4595814635725912,102.5465552381811,166.81138263114264,80.32059713651918,1.5712095324050004,0,148.22043778945428,145.2560290336652,0.5372384937238495,0.4835517913130836
2010-04-30,0.005837405177741241,0.0033340062349825565,-0.03447289027789076,0.0033988058562102385,0.021999558244552898,-0.0010199084082755802,0.005668323151752902,0.034671766485975565,-0.0046755900658964344,0.1992695315182233,-0.39398623428258717,102.55553532977282,167.33852639068192,78.11489006767582,1.554806925345326,0,149.79749530499043,146.80154539889062,0.5426778242677825,0.45009708331259995
2010-05-31,0.1880069299739375,0.14946566179395948,-0.03315141857757249,0.03218222524933828,0.021978716493246765,0.018219178091542533,-0.02407342450309201,-0.004855628011776046,-0.0638850172973359,0.20037801921523207,-0.5214470778749134,102.58375450786437,168.3071627090659,78.47500289910704,1.468474202616396,0,154.17449473894348,151.09100484416462,0.5481171548117155,0.421927636424739
2010-06-30,-0.07777152104975212,-0.04253176794480487,0.01406695183951968,-0.0108744027546776,0.021926997532862376,-0.006673099925066945,-0.018151544423757566,-0.04431868882343366,-0.29601066884261995,-0.008495422213686182,-0.3987913659633209,102.58708140793931,168.4424443402126,78.15784414354748,1.3693161095677358,0,154.51758236457582,151.4272307172843,0.5535564853556485,0.40473004644595584
2010-07-31,-0.4792560783323827,-0.32257687338873164,0.003049920367086144,-0.015923934648899005,0.02184520842047868,-0.054223852264278234,-0.007945753480937914,0.0018375672274078374,-1.147946163390455,-0.40553219322862016,-0.6484754013054829,102.54285755567503,168.0687594973141,79.43938861551428,1.3356920670418277,0,148.76714283605452,145.79179997933343,0.5589958158995816,0.3855071692136068
2010-08-31,0.489358746450534,0.37446916534333535,-0.024255529996880593,-0.013056928917368113,0.02173462544783935,0.030714325724223158,-0.010820640841553547,0.008176194308566753,-0.7561421849310921,-0.025540174593749132,-0.25224658187129706,102.58357188139925,167.74553948026875,78.96686814683751,1.4250598591292312,0,157.79838255440484,154.64241490331673,0.5644351464435147,0.4099712195610369
2010-09-30,0.40430253363647295,0.27421434705714703,-0.02400398394071142,-0.018582632376573115,0.021596974225246982,0.04197285070253225,0.020033712858795443,0.03063617617178479,-0.15758318872398033,0.05243827043366307,0.21701837741216737,102.63554473210178,166.54899956262042,79.35315504887447,1.398982689794173,0,165.96026823906402,162.64106287428274,0.5698744769874478,0.4296808935235464
2010-10-31,-0.5069001617762645,-0.38149161044065744,0.02377012026133545,0.003194102227026897,0.021434402753991492,-0.0316787599890409,-0.006602026853134282,0.06510449098791667,0.24418129817471648,0.08928916279198847,0.1723978325706243,102.61386597211273,167.03027902854643,80.4616040916306,1.3900671056041847,0,159.34288593181773,156.15602821318137,0.5753138075313808,0.4323106501358169
2010-11-30,-0.29561329221158417,-0.22495216196343898,0.015583342992933982,0.012089202430361901,0.021249447907508386,-0.03391577339955506,-0.001162796448040653,0.04753983532566647,0.04629702771609466,-0.14241740431980934,0.15441589554574314,102.58995019871318,166.52227155660557,80.52956651617176,1.6718465317854745,0,156.25621539478948,153.1310910868937,0.5807531380753139,0.4491645989762522
2010-12-31,-0.1337149235790575,-0.11581650493601371,0.018842792742428092,-0.014507812452830624,0.02104499584431728,-0.022640778230056783,0.0067445070094324395,0.053294378456653635,0.3456487762960736,0.13147163120687178,0.26356186297226813,102.57730942048313,167.89227849017612,77.49112250221071,1.75851704033958,0,155.73028584063195,152.61568012381932,0.5861924686192469,0.4354288729905632
2011-01-31,0.06299130479532425,0.06772032563636697,-0.0056235256936815105,0.013211460961432088,0.020824236970483512,-0.0003823354796352041,0.04269536820438212,-0.002768966668932442,-0.15091016111255529,-0.25234421843089627,-0.0745939168791123,102.5869270850035,167.0035321712514,79.81109424488328,1.9305420767830894,0,158.28935271805625,155.12356566369513,0.59163179916318,0.4127830325833106
2011-02-28,0.47101573523477763,0.37566321179754936,-0.01395757115757285,0.014026827225074031,0.02059061615439854,0.05380071528816133,0.04031193168526854,0.0519667179519928,-0.8054557906657926,-0.5172192203929777,-0.053498996882284704,102.65072780029165,167.5484965783958,78.93077128006392,2.015514034992886,0,167.590964919019,164.23914562063862,0.597071129707113,0.3917391677868586
2011-03-31,0.20751424346589514,0.15902223827782955,-0.005859525745654405,0.00973515911474213,0.020347778970760868,0.042294248910903304,0.09407731586387733,0.04854866478683072,-1.3065686576231976,-0.5620847804479122,-0.2729459280510341,102.70302204920256,167.05578234466438,80.01021534582428,2.1478375075889833,0,172.82468554733887,169.3681918363921,0.602510460251046,0.4132290940247694
2011-04-30,-0.20165013377691435,-0.12908308942754676,-0.015622756006208204,0.01946445454354364,0.020099514812602158,0.009481292324402823,0.08616861231132578,0.04038646912470444,-0.4882019398243884,-0.02152616558546494,0.060151973331736275,102.72250334152696,166.59610656523134,79.62727957294341,2.1919583834609417,0,171.0768189008746,167.6552825228571,0.6079497907949791,0.3990240145776015
2011-05-31,-0.49044992769551193,-0.3460216406135628,0.008990707641485554,-0.03795101515363722,0.01984969775907638,-0.029778686306793388,0.08083214688665033,0.022353318514000443,-0.824509344871836,-0.39813603400679465,-0.16716808916329137,102.70272465522017,167.5597017340575,77.44657321202897,2.364231651977053,0,164.52584925626851,161.23533227114314,0.6133891213389122,0.38714921772725164
2011-06-30,-0.002881562174779792,-0.0055913502858841915,-0.0038343732092936057,0.005405817368846086,0.019602226121750332,0.007271855128937897,0.010694047882783117,0.05947859674346073,-0.5297806137403487,-0.1003686399722302,-0.002057216967097708,102.7199965103491,168.19924299153757,80.46958066881912,2.3135168411790303,0,166.13148281332337,162.80885315705692,0.6188284518828453,0.41302019504430587
2011-07-31,-0.337074760251024,-0.259359922090054,-0.0003205341650977919,-0.008942249819489574,0.019360961612755453,-0.029653988053129878,-0.0044509646630779744,0.007496536804040596,-0.2462191649019567,0.17869051984697976,-0.373017633181295,102.70034252229597,167.67877285301688,79.5075420245707,2.292254402422013,0,162.23924453948473,158.99445964869503,0.6242677824267783,0.3912262696411628
2011-08-31,-0.0835548267968659,-0.06609459201853345,-0.0010695365416771878,-0.006496061539073425,0.019129669084061603,-0.01651583121147317,0.039764282737303314,-0.014347540004416905,-0.17050806376057354,0.15090560878066261,-0.3627828380212083,102.6938266910845,166.46648763830612,79.79827766118956,2.4097955251832643,0,162.50626929039908,159.25614390459108,0.6297071129707114,0.39407099680702845
2011-09-30,-0.3800693519941972,-0.2568209125442183,0.033095583742208556,-0.0027366984192227976,0.018911957778221262,-0.039573516084889356,0.028838230810331912,-0.0100177161518289,-0.4435118149756115,-0.23626955978188496,-0.07163146803816858,102.66425317499962,166.92563883076195,79.7274403783613,2.199610812540059,0,158.0181098993506,154.8577477013636,0.6351464435146443,0.37696832583182094
2011-10-31,-0.4290758154251295,-0.3271649126358893,-0.005384775164553721,-0.011738467917796808,0.018711225007346635,-0.05029777039743408,-0.042160560706413865,0.02873872396949636,-0.1362293061659765,0.10467848418455278,-0.1316377479662875,102.62395540460217,166.84594260930342,79.2444648081488,2.2408194191382376,0,152.90274482385706,149.84468992737993,0.6405857740585774,0.38867129080533885
2011-11-30,-0.20366333900230701,-0.16203690509799445,-0.028906383302447124,-0.007027040372942194,0.01853060313919041,-0.041646585371978635,0.03507160983989789,0.006692115845717242,-0.7811386783770646,-0.5394509282204967,0.13271275584347847,102.5923088192302,165.71193161525238,80.61299492001957,2.095238469638377,0,151.32589113349914,148.29937331082917,0.6460251046025105,0.4044821852006445
2011-12-31,0.4745854080893589,0.36923614322661397,-0.014422525510345667,0.004108989220304553,0.018372910717594615,0.039705312813214905,-0.016202944608018816,0.04286019448304151,-0.9363830734817021,-0.4676632841702288,0.01705184717943218,102.64201413204341,167.7478679930459,79.19325671862205,2.227139843477288,0,160.27550992656705,157.0699997280357,0.6514644351464436,0.39168811514310287
2012-01-31,-0.5970380167306859,-0.43566714161913556,-0.023573771241417754,-0.0013026786443842704,0.01824060848005666,-0.05051613385326717,0.035570022582935255,0.007630425645364613,-0.7128783566312326,-0.05314861434793944,-0.223515059541098,102.60149799819014,168.6405882841063,79.91708321741675,2.141429574688866,0,152.5039457934132,149.45386687754495,0.6569037656903767,0.41376280087096545
2012-02-29,-0.4057456457441172,-0.2954080672233084,-0.013459624689710499,-0.0031533556024325236,0.018135760958743693,-0.04356638347087438,0.03130445052993624,0.1038131420512475,-0.0016804751428572545,0.37276460655666344,-0.1376356637701073,102.56793161471927,166.66147163460664,79.14160052308756,2.2265642270497095,0,147.91176376482218,144.95352848952572,0.6623430962343098,0.45104251050096905
2012-03-31,-0.27235844795258596,-0.20749695151914668,0.002199749519862149,-0.026591614190427323,0.018060004264158644,-0.03212467326400134,0.03623735758035189,0.11649240382288528,-0.1904640991540789,-0.03817189730425469,-0.24204781162549938,102.54580694145527,166.66651917860628,78.82496743381617,2.172268356832211,0,145.3842242723339,142.47653978688723,0.6677824267782427,0.4491445470706247
2012-04-30,-0.29771829093649765,-0.22472750747872744,0.004532638986154305,0.03259109473126373,0.01801452055418303,-0.03140765060904583,0.030358433874114896,0.047945537819880105,-0.05300663935010381,0.06783910943933413,-0.10208176221448563,102.52439929084622,168.07678816064134,81.05821183778197,2.294019699572264,0,142.53794305300883,139.68718419194866,0.6732217573221757,0.4332841102917525
2012-05-31,-0.09902472579414401,-0.06184939046929733,-0.014744504727215963,0.008192640513229283,0.018000019586898595,-0.013476193340368786,0.03005963561183491,0.07918867270456117,0.10119228130296276,0.15332305668944354,-0.08923141390824692,102.52092309750586,168.6487252260139,79.32521339987207,2.1368894494607136,0,142.5518450888342,139.7008081870575,0.6786610878661088,0.42289769340416955
2012-06-30,-0.16858883799331437,-0.13780828682160515,-0.036441546985342604,-0.008806660940812637,0.018016727645049843,-0.01618234805182764,0.04678881573117066,0.029173568523747785,-0.04592433150003563,0.012256382029065746,-0.0948403402476039,102.51474074945403,166.93717263790109,80.77528077989517,2.200769361835103,0,141.57744401984,138.74589513944318,0.6841004184100419,0.4010859553414044
2012-07-31,-0.13135861815095556,-0.11928842137192616,-0.03184112996673023,-0.020045058389060545,0.018064384004977476,-0.01028512635650413,-0.006961751175303978,0.02840838014720381,-0.048222276018659756,0.01856808069432813,0.011233107784440699,102.51445562309752,168.51778136331197,79.34893569575833,2.2540882709829653,0,141.13417210224696,138.31148866020203,0.689539748953975,0.38659754715684647
2012-08-31,-0.8099588646523663,-0.5968097296388619,-0.03971548268010517,0.0022649844707464508,0.01814224500512391,-0.09022103049567111,0.005246414181009254,0.02410479961116473,0.18771278094172528,-0.08881052524084329,0.495070486387003,102.43423459260185,167.45966867260927,79.56936826265505,2.3823984927189166,0,131.4616437611496,128.8324108859266,0.694979079497908,0.3728172335388378
2012-09-30,0.15905659382825627,0.12645723707880133,-0.0204522268202766,-0.026684012691540065,0.018249095650623142,-0.013142055279226388,-0.04855441395836058,0.010885312546853933,0.828291626999036,0.2787098354824106,0.5513585978241509,102.43109253732263,166.8907672883836,80.21854079132109,2.3075397497188663,0,134.9117398885045,132.21350509073443,0.7004184100418411,0.4693175562946946
2012-10-31,-0.16405560182084816,-0.11909111109650253,-0.020392021064140203,-0.005799823029813665,0.018383268572889282,-0.030295046353822214,-0.0033713464186101265,0.009801409561863678,0.7163276804973354,0.2030826768883627,0.13554108028561881,102.4107974909688,166.79922736671253,78.83831733782252,2.386997367588272,0,134.05031651444563,131.36931018415672,0.7058577405857742,0.44197721157300085
2012-11-30,-0.2141885874967805,-0.1622429723267342,-0.006225486269118055,-0.04275372087496704,0.01854267004834566,-0.031332112150413385,0.007707813918991922,0.021400735476011123,1.13152845395263,0.40772852477640353,0.34769043029592445,102.38946537881839,166.95305632156183,79.00088231472985,2.323134140412094,0,132.5283211476278,129.87775472467524,0.7112970711297071,0.4196858360694477
2012-12-31,-0.24847473459938987,-0.2140143761525915,-0.002975504941333592,-0.011070123425869341,0.018724812670280984,-0.03330787140488335,-0.006115868870762497,-0.00941467194101904,1.0132048319313725,0.2788348415175362,-0.04104624364784637,102.3661575074135,165.50866134032526,79.88110636354077,2.1183207699248627,0,130.57514615454267,127.96364323145181,0.7167364016736402,0.40473322314809307
2013-01-31,-0.4938767075445199,-0.3811015528746693,-0.02474524500501947,-0.00570514900887303,0.01892685416399913,-0.0611487601038542,-0.04284070973790324,0.013644335873473426,0.892313755868812,0.37806389012315167,-0.08218080153372471,102.31500874730965,167.00013458006504,79.40667903839442,2.0399700913586196,0,125.53206486648808,123.02142356915832,0.7221757322175733,0.3954928103269029
2013-02-28,0.5635059185431581,0.41116355817499406,-0.020146392820948548,-0.025723128775021496,0.019145641739565154,0.02822846151025661,0.059289069049545465,0.015284445896860739,0.7761770154027859,0.28753354165984846,-0.023163846511508743,102.3532372088199,166.15417637316375,82.31268488035421,1.8766618184789479,0,134.14372700624187,131.46085246611705,0.7276150627615063,0.4197038806962762
2013-03-31,-0.4575642017071966,-0.3272691326869621,-0.007001770108876926,-0.012658027761985359,0.019377761290037744,-0.0269206843272251,0.04011851558638192,-0.013967052176277833,0.7375157407570282,0.38200929940909145,-0.14814042600140528,102.33631652449269,167.23756485501156,78.83773895852202,1.7926993969048517,0,129.43196736537448,126.84332801806698,0.7330543933054394,0.4492810922578698
2013-04-30,-1.1650488336350289,-0.8633067635219489,-0.005258640565329039,-0.023194721421134306,0.019619590667466175,-0.1013382757194799,0.07209454595471114,-0.0011053838487632309,0.9260750395653248,0.543494801145372,-0.19092306742792364,102.24497824877321,166.56819265051587,80.63299032514307,1.6886980576341009,0,116.35554088810134,114.02843007033931,0.7384937238493725,0.4547052118756539
2013-05-31,-0.988466745862878,-0.7460342972180826,0.008330360276316591,0.017889420678011775,0.019867356205297598,-0.08444255601913268,-0.06048642319827391,-0.05495712313035163,0.34578841179185055,0.0981586160531861,-0.162751807278176,102.17053569275407,166.41433634643042,79.00396190707401,1.5712107441000758,0,106.46367387783691,104.33440040028017,0.7439330543933056,0.6093420689866873
2013-06-30,0.5306218071802395,0.35451436528729546,0.015751818883739048,0.020574589757041045,0.020117191605181488,-0.004499582260255479,-0.01134575856187716,-0.08424001129652497,0.36205681715432364,0.23563083528860904,-0.0873229608166607,102.17603611049381,167.60766446773684,79.25661390447847,1.4140354710055296,0,113.39372076683128,111.12584635149466,0.7493723849372385,0.6681328921431623
2013-07-31,0.004587035853857793,0.013648682344958332,0.01431996429472488,-0.027761134045221163,0.02036519826926227,-0.00840445617696864,-0.05634238125179759,-0.01837108722085313,0.38064287685785875,0.019970589868186173,0.24129817539701626,102.17763165431685,165.72199802521354,80.12379336986858,1.447176659926228,0,114.58589551483307,112.2941776045364,0.7548117154811715,0.638444632161105
2013-08-31,-0.270874965139717,-0.21492302642387545,-0.025083284033013083,-0.03984934928904348,0.020607506136494935,-0.03123041627243405,-0.038690725032619104,0.014407042093762083,0.13773566866683287,-0.02938456428711097,-0.07010341144498565,102.15640123804441,167.4751790367835,79.03064202987566,1.37974538140221,0,112.64454308761005,110.39165222585784,0.7602510460251046,0.5813260302336941
2013-09-30,-0.4940771223566295,-0.393695106793599,3.981755684745285e-05,-0.00619658275357825,0.020840334073653283,-0.052766156130295006,-0.02023127203059209,0.014893544077647576,-0.29381226867961574,-0.2628926719143474,-0.009051192843355552,102.11363508191413,167.39703802851216,77.40387756763074,1.2404908787937161,0,108.2918082988546,106.12597213287751,0.7656903765690377,0.5420935511669451
2013-10-31,-1.3336798171430053,-1.0025550288672054,-0.015209349351902086,0.01496768709749675,0.02106004887864928,-0.1200418706257032,0.005515098903607303,-0.016244318757661646,-0.7974736241530113,-0.49308804117874716,-0.06930401930917927,102.00359321128842,165.7318245797034,79.34100138735884,1.3092252096754884,0,95.72328013319192,93.80881453052808,0.7711297071129708,0.5323445637988283
2013-11-30,0.28982953652678506,0.19239295392314204,0.01053413300799682,-0.01973844301471686,0.021263221975436477,-0.0215437410704001,-0.023816845041403807,-0.010052011609398028,-0.8602008128810478,-0.3364620277590319,-0.12811969286934183,101.99204947021802,168.25304004564435,78.95490329924357,1.3960491103921484,0,99.52854466806721,97.53797377470586,0.7765690376569039,0.7000450218696314
2013-12-31,-0.18395669729922717,-0.14840368385684669,-0.017752272167699402,-0.003229782872773584,0.021446682915792516,-0.026997615191313114,-0.07256426656355369,0.005085632331978014,-0.7887623078555996,-0.3980267680273315,0.20243671982438738,101.9750518550267,166.88197160138392,79.64586602597733,1.5013446413875207,0,98.69643382998458,96.72250515338489,0.782008368200837,0.6434355662354541
2014-01-31,0.36298476888000786,0.24496477692933785,-0.005022357976317957,-0.0314345806214568,0.02160756885310324,0.0035471669918988036,-0.025467847644548333,-0.04222986038395012,-0.23319086533943378,-0.10214890363312812,0.09611192755882819,101.9885990220186,166.9326493694907,80.06943811328792,1.609463899476098,0,103.37336027072898,101.3058930653144,0.7874476987447698,0.5896311432300962
2014-02-28,0.1286861356413623,0.10470724057108895,0.013123581363051058,-0.00765744258152575,0.02174336921612661,0.002751631271381826,-0.07520141852462509,0.012538232096623386,-0.03494675602776073,0.09705103237203215,-0.034431616676565274,102.00135065328999,165.6027947949614,79.84777745534169,1.887706869433433,0,105.76460369836099,103.64931162439376,0.7928870292887029,0.5564393248985641
2014-03-31,0.08285195315096756,0.06101691812307606,0.020948686078092575,-0.022698581823719824,0.021851964885617255,-0.005927622364065117,0.019483597351266032,0.031618288187845026,0.17766114084311954,0.12287095792182076,0.17401886117915774,102.00542303092593,166.20920744665278,79.56906084019492,1.910107344126153,0,107.71631950768258,105.56199311752893,0.798326359832636,0.5136396600729615
2014-04-30,-0.5493406952124841,-0.40458863561926084,0.008634854316730101,-0.028628801385139003,0.02193166126247353,-0.046562058788374557,0.008322949586509962,-0.039611406707262986,-0.2921890054229442,-0.3052964934449247,0.15515713538832038,101.96886097213755,165.52668699118496,80.84445622380453,2.0825022276090026,0,102.98331971742611,100.92365332307759,0.8037656903765691,0.4761775601302804
2014-05-31,-0.42690284955756885,-0.31008848059687866,-0.017541339518667848,-0.02417063146140521,0.02198121471138974,-0.04640516157577258,0.03597521807181355,0.027063986037328302,-0.24123828961128524,-0.16426883358186553,-0.007758806661199755,101.93245581056178,166.6039662076948,79.19866323622756,2.073249852960334,0,99.67119771059689,97.67777375638495,0.8092050209205022,0.4889884268162017
2014-06-30,-0.4078403976634761,-0.30694179361746027,0.015308218736699391,-0.0038409211625752325,0.02199985196736913,-0.042284351258571135,0.05590897753890919,0.04142023117089812,0.49203058203572053,0.30730253578645045,0.2897080236255877,101.9001714593032,166.2807427754078,79.18765417939093,2.378224097055375,0,96.64966174953767,94.71666851454691,0.8146443514644353,0.4816845416155635
2014-07-31,0.0254862584475408,0.0035618556567533835,0.014852075143175339,-0.016339833281643335,0.021987282202265528,-0.0014939734564518373,-0.008027943506061126,0.03466274832516821,0.7241817834546019,0.3767758996440641,0.0304930170287927,101.90867748584675,165.6776406199074,78.77855420995925,2.2309326623013663,0,97.87012373801215,95.91272126325191,0.8200836820083683,0.4735634368780711
2014-08-31,0.29270169237558946,0.20900847491723545,0.009527243440466236,0.017094430163662626,0.021943701563059307,0.02425427895931832,-0.05721982322842942,0.06387622526824371,0.9486910238395172,0.27693993801502853,0.3314523875227843,101.94293176480606,166.25123286283343,79.00089469639327,2.314674751983335,0,101.78996269602413,99.75416344210365,0.8255230125523014,0.4416056536492858
2014-09-30,0.255986987038333,0.18977178047464205,0.035308715691728346,0.0166847752966969,0.021869790111049368,0.02080262643687083,-0.019866090248162566,0.03447796707784051,0.8651170629241569,0.28582596227142376,0.10799672902210633,101.97373439124294,166.15975486422846,77.88382640264658,2.390545088502458,0,105.47882266023973,103.36924620703493,0.8309623430962343,0.42907636954514855
2014-10-31,-0.6749894274320067,-0.49515131009241253,0.045680416420798294,0.0033110470864588606,0.02176670120972399,-0.06309174206162073,0.02522611429882583,0.036291629797227345,0.7248219573284183,0.2633728818521227,0.09427931886825482,101.92064264918132,166.01609422711027,81.00268923135013,2.424185681639338,0,99.58497073255148,97.59327131790045,0.8364016736401674,0.4156647704078491
2014-11-30,-0.18588487529927955,-0.1549744006575081,0.013900089341238125,-0.038149894386910764,0.02163604352690939,-0.029704050793760314,0.022466001703567308,1.7131416649246445e-05,0.7046944924984356,0.1854174508157229,0.24226173156699965,101.90093859838755,166.91700962148835,81.5354523715309,2.263012134124775,0,98.73334876037113,96.7586817851637,0.8418410041841005,0.467495153835526
2014-12-31,-0.19461316868079787,-0.14156728184576742,0.019716322401924145,-0.01598178267433569,0.021479855932046286,-0.023972039674720898,-0.0146424345140527,0.0193374817458903,0.727255600804901,0.033984913480039375,0.4087646710985288,101.88696655871283,167.39897898325157,79.83078508987121,2.1629734276058725,0,97.80360649100778,95.84753436118763,0.8472803347280335,0.4419364059134206
2015-01-31,-0.6118417777154356,-0.4338961479974,0.008429242310548474,0.005403337346074644,0.021300575680314234,-0.06770710631719958,-0.0663489886961501,-0.018980745725282695,0.03854567537528231,-0.27139017808982435,0.20275080352639827,101.82925945239563,165.46838826892133,78.82406315019783,2.317681224654356,1,92.92356511825629,91.06509381589116,0.8527196652719666,0.42147653993936746
2015-02-28,0.11695012935300556,0.09510495019841989,-0.0014635931093995064,-0.00865233953912251,0.021101000380079674,-0.020875629403857694,-0.08604125225064496,-0.007245434200417606,-0.1893476767719203,-0.1903276528737352,0.07402560680159506,101.81838382299178,167.7819825637809,79.32114342735736,2.1230362383017196,1,94.9615704053799,93.0623389972723,0.8581589958158997,0.45931490290991167
2015-03-31,-0.19706322611617078,-0.1564688815040034,-0.011230796446447928,0.0006273395344355039,0.02088424433715308,-0.042413387244171666,-0.016848889062621136,-0.008543763015205399,-0.41205321477365797,-0.1567063053051281,-0.06876595864868246,101.7859704357476,166.17659739170844,78.00101605785994,2.2522364823352783,1,94.04430162220434,92.16341558976026,0.8635983263598328,0.4318235368911777
2015-04-30,0.34347557103462445,0.234880387316234,-0.023278281500784384,-0.038205043483441274,0.020653689957088387,0.015586483070588578,-0.03994715626194413,-0.029871946849926872,-0.2059633463016361,0.18007293224871537,-0.4820629901987672,101.8115569188182,166.29474463779522,78.77242268606817,1.9667580874843955,1,98.3087977570395,96.3426218018987,0.8690376569037657,0.4133818699248006
2015-05-31,0.14923668227040526,0.10538580228123134,0.04862475131801173,-0.006876510317683975,0.020412934963875595,0.009639957826102887,-0.058851972613806675,-0.039708361329555186,-0.45758154381901156,0.23910390342818244,-0.935845043297471,101.8311968766443,166.67164744440197,80.01110843769327,2.297696686722929,1,100.78980306287126,98.77400700161382,0.8744769874476988,0.41207587942517077
2015-06-30,0.5608070002140016,0.3969069022320668,0.02725498930954315,0.0063741007262155544,0.020165736258661197,0.049236344086345696,0.0065311679599353925,-0.037105829687195876,-0.8561660017873043,-0.21863433838393534,-0.3976943995558757,101.89043322073064,166.33497005416405,79.40550171154692,2.1318687433733134,1,107.67504947784798,105.52154848829102,0.8799163179916318,0.3944199740657826
2015-07-31,0.09318620378330698,0.10463492310384494,-0.013064339409212786,0.013076280082285806,0.01991595129456232,0.022566445017093727,-0.021488357177007585,-0.0653921276948765,-0.5059648689741005,0.09747170785651557,-0.3020217942113297,101.92299966574774,165.68108303094206,79.97599818255819,1.9975714765975523,1,109.77540555149237,107.57989744046252,0.8853556485355649,0.4305496246000743
2015-08-31,-0.4736638171906178,-0.3439377179238123,-0.017991217332786053,0.04450285054484366,0.019667477882400978,-0.041862921613998245,-0.03726330137647569,-0.03396701498013653,-0.6976659671590094,-0.2872278417161114,-0.009542134307288841,101.89113674413373,166.19309177799718,80.32696525200964,2.4308795985027745,1,105.74918691082964,103.63420317261304,0.890794979079498,0.4071936117012677
2015-09-30,0.17416311487824487,0.1187566959067542,-0.030863156341267465,0.006978155073811063,0.01942419336666987,-0.00047300740255441093,0.04046894418869208,-0.056327317238502025,-0.5002781582666704,-0.14725429388886527,-0.07945366051388314,101.90066373673119,166.4073080037033,78.35659672628107,2.2530427072958004,1,108.68854867462797,106.5147777011354,0.8962343096234311,0.42513434914181414
2015-10-31,0.0592521467768902,0.043502847638560424,-0.01851065492431433,-0.019199918491243976,0.019189894120868363,0.009536352360499593,0.022242516775767298,-0.017759837305193364,-0.3493150453259515,-0.15746267636315717,0.13027334353791775,101.92020008909168,166.00940729445662,81.03824683301734,2.285490620688013,1,110.43329298521047,108.22462712550626,0.9016736401673642,0.4064765408256121
2015-11-30,-0.016859456208091095,-0.006911108478336381,-0.002195479995490848,-0.02602073668888179,0.01896823630636378,0.004899262003114467,0.08351043007160211,-0.004776810978671958,0.2960075281608805,0.21064346011750806,0.20382449989577586,101.93509935109479,166.447008248595,78.78861393912528,2.4205735472943823,1,111.35526875586616,109.12816338074884,0.907112970711297,0.3864784513968238
2015-12-31,-0.22763135949003896,-0.2104240588597346,-0.013831856384093046,-0.025466227725317807,0.018762678819216092,-0.0089476580200028,0.09523738505116616,-0.030416971962342904,0.12020165268454494,0.06927443091137754,-0.13054311008493844,101.93615169307479,165.69276580119416,80.27074354172551,2.177402687149898,1,109.94305761393018,107.74419646165157,0.9125523012552301,0.3695199001735854
2016-01-31,0.14062707372021283,0.1226144763884411,0.013744986425420571,-0.03245439980419017,0.018576429315261753,0.030594744323250968,-0.02577198059495884,-0.02925207801115083,0.010877302955900815,-0.10264412549937282,0.08097333943575795,101.97674643739805,166.77688049974412,80.96973131767548,2.198708455422847,1,112.6206713581559,110.36825793099278,0.9179916317991632,0.36573120072289556
2016-02-29,-0.08515518266995098,-0.07661608528116301,-0.010402918422238965,-0.015027388875899259,0.018412394155717215,-0.0031946924252911155,-0.004514878324813476,0.024165200710839736,-0.5844422599466828,-0.2868763895716381,-0.21974668234147007,101.98355174497276,166.93970499009168,78.82583762988283,2.3568883861414562,1,112.78797883927116,110.53221926248574,0.9234309623430963,0.3565121303167116
2016-03-31,-0.10713460930477271,-0.08807278626023013,-0.020890421156968444,-0.0204357621899904,0.01827313305438419,-0.012953079229356453,-0.01454260585779635,0.008486210602570135,-0.6929736265893289,-0.2701015548346962,-0.030979978776305928,101.9805986657434,166.89205362250235,80.12312785450605,2.1422901331779345,1,112.7075377221512,110.45338696770817,0.9288702928870294,0.34663222295119384
2016-04-30,0.045026085132585436,0.05360737841062593,0.013355344699734168,-0.0306828412198916,0.018160819134171897,-0.000570808590413802,0.01271308504864283,0.004976737963091008,-1.3261415396440972,-0.7425373593322573,0.14713055656247673,101.99002785715298,165.17509512935337,79.38475248503767,1.8291911898124238,1,114.3540011679311,112.06692114457248,0.9343096234309625,0.3395981976722363
2016-05-31,0.18845387095167038,0.13282371660723719,0.009515064499502502,-0.008680645271780084,0.018077205016240886,0.023684441816017626,-0.018519297740821894,0.02091604100525009,-1.6202014641849105,-0.5637269355727484,-0.26323288705552433,102.023712298969,165.50520465620679,78.9571110684154,1.8227796747954998,1,117.70062183696521,115.3466094002259,0.9397489539748956,0.3320223467486364
2016-06-30,0.30363622404587604,0.23613428307251164,-0.008910108996183885,0.012152958106007396,0.01802359547093601,0.04005129027668156,-0.041163989192059935,0.023332668384567573,-1.4533394419070182,-0.5486278658362219,0.013399002087936152,102.07376358924569,167.0343376502352,78.24401698328157,1.6471608276824417,1,122.54862866330602,120.09765609003989,0.9451882845188286,0.3331041501156982
2016-07-31,0.048874126065647464,0.029242260708541773,0.02366347432328911,0.020498556559340558,0.018000827057281565,0.010620544034645588,0.019082529649339,-0.00665002740239684,-1.4521478953547067,-0.5202615120349295,-0.013995442472043648,102.09438413328033,166.38961715378716,78.38623021045458,1.4837322174799306,1,124.38670884314804,121.89897466628508,0.9506276150627615,0.34562237525998296
2016-08-31,0.2769539528341357,0.20166189079371177,-0.004897362608324138,-0.004870654940615442,0.018009255068757547,0.039524975231840585,0.0006173035317644446,-0.022926565652152495,-1.0970500649682222,-0.3944407936125371,0.19332337145920864,102.14390910851218,166.68875127052843,81.02228511410665,1.3159509686098472,1,129.16500916649812,126.58170898316816,0.9560669456066946,0.3369112341945431
2016-09-30,-0.6289386137419023,-0.4439284594120595,0.017673202808809182,-0.01272789948211818,0.018048747989063686,-0.060956029026280785,0.008307258295481868,-7.056032358458003e-05,-1.2012497566555205,-0.5452132242767371,-0.09090418776735615,102.0929530794859,165.43156303819129,81.33309031013405,1.2809426856503174,1,122.51051541331182,120.06030510504559,0.9615062761506277,0.345363068473347
2016-10-31,0.09610462549487536,0.06381009854527767,0.01957974660398154,-0.03230929513725797,0.01811868954438736,-0.005709655457266861,-0.05087687627250257,0.03606176410183565,-0.7798836069813015,-0.18483985298446165,0.07119987273264355,102.09724342402862,165.83150134403337,80.6777076019899,1.4769976445811732,1,124.93671498245598,122.43798068280687,0.9669456066945608,0.4103826695302034
2016-11-30,0.9770071759112328,0.7325280535306343,0.0037736185469616126,-0.01476218479996457,0.018217988320150293,0.08800904552828531,0.020086834459824576,0.023032687036547532,-1.097359713153758,-0.531300803875155,-0.04604485059058946,102.1952524695569,167.4389643115234,80.71265851245117,1.2570025953217858,1,139.1438161135553,136.36093979128418,0.9723849372384938,0.3907120723978024
2016-12-31,0.03184680357755125,0.023794346281762448,0.011486574042789435,0.015477018950221449,0.01834509479216805,0.03139169803414857,0.06304206304087778,0.04794205842909856,-1.0951908783071045,-0.34920663736845325,-0.1362688677583548,102.23664416759105,167.38292470292853,79.7303715208209,1.2724710062694848,1,140.9905302686866,138.17071966331287,0.9778242677824269,0.5222141738722215
2017-01-31,-0.07323876874755286,-0.03704442890496122,0.011164283145969095,0.008790314919821506,0.01849802550645665,0.01680427557489028,0.03384420907429381,0.0003166719667388497,-1.3453620582393384,-0.5509850940603268,-0.14522012599493583,102.26344844316594,166.30604104663007,78.47065713406776,1.3273131603462045,1,141.36834359919447,138.5409767272106,0.98326359832636,0.48254943010256623
2017-02-28,-0.7227693669007323,-0.5177430775468574,0.002832681174766408,-0.015337386141032302,0.018674394030368618,-0.05081599891817479,0.03180431792397891,0.044636495717824604,-1.293554739362546,-0.4747523871863066,-0.1096573631442961,102.22263244424778,167.5960291188495,80.10951501905373,1.62121748851124,1,132.83289548626797,130.1762375765426,0.9887029288702929,0.4498633474274994
2017-03-31,-0.39493313333608393,-0.28499126846847644,-0.040100477904132875,-0.007124771994654785,0.01887144819207629,-0.03913022137513468,0.02582812680466995,0.062214538254210264,-0.6369167157103341,-0.11274089565285136,0.3054158664246035,102.19350222287264,165.63599885894047,79.31575767450039,1.793375817874785,1,128.97242218678082,126.3929737430452,0.994142259414226,0.5009884854385164
2017-04-30,-0.4292212651439631,-0.28415288517539133,-0.011635510915574278,0.02635307450426147,0.01908611302729269,-0.042662721695054535,-0.07549031539977771,0.048298342557757015,-0.21081068418482524,-0.07338535243610214,0.2486224400416493,102.16083950117758,167.06976969693102,80.16904858473343,1.8359144218114771,1,124.7955094722291,122.29959928278451,0.999581589958159,0.4874503933280547
2017-05-31,0.27148715843519716,0.16472074735722286,-0.007976016695941607,0.008946506499699115,0.019315038763060774,-0.0020516203033880895,-0.029834854550652094,0.04160151306276758,-0.03203961852053705,0.038282396169767655,-0.019250878773732077,102.16878788087419,165.5865812554234,79.2084406818963,1.8604480797277902,1,129.51868926022644,126.9283154750219,1.0050209205020921,0.4807561505261025
2017-06-30,0.7703194551722047,0.5364175949068759,0.015039715008384018,0.01833762654185281,0.01955465308984008,0.05795874678064555,0.0014898472192873893,0.043245471598626906,0.007380674534394699,0.11268160251168441,-0.12838511356150464,102.23674662765484,167.95662442872404,80.11407917261342,2.094094559259514,1,141.29602177784463,138.47010134228773,1.0104602510460252,0.4589089128540632
2017-07-31,0.7243218021349215,0.5423194922318296,-0.01390412405180755,-0.0037671552367962175,0.019801216906202304,0.07167697510681828,-0.012539767450413328,0.0210479618274201,-0.05707727319930107,-0.0685429477795002,0.017309171956882766,102.31842360276165,166.93543998875342,79.0044328257857,2.2176633437148143,1,153.43688580324144,150.3681480871766,1.0158995815899583,0.5170501457827208
2017-08-31,-0.43590204739547395,-0.28415462253023094,0.000698458169464523,-0.011391659714128389,0.020050882666258513,-0.01154005472603747,-0.018471259727897517,-0.029577554181400286,-0.5085064409274371,-0.19622220557760933,-0.2530411046901152,102.31688354803562,165.99079096814026,78.56626552785865,2.3270745540290627,1,148.36850983364235,145.4011396369695,1.0213389121338914,0.549523207667142
2017-09-30,-0.21742869951037727,-0.17843324543885067,-0.007620331885105967,-0.0015200219330657955,0.020299754419325904,-0.019251901436520863,0.046977891448015466,0.010929309929664618,-0.5558188791935276,-0.07210453132646237,-0.1716983758202665,102.3076316465991,167.15713186351252,79.87841131762296,2.4542363066412807,1,146.63642743078265,143.703698882167,1.0267782426778242,0.5311709449751855
2017-10-31,0.6037704236163821,0.4380301104042945,-0.017391040489519352,0.0005577178397822454,0.020543948604935178,0.05068188270233443,-0.04196064893744235,0.0204884879454039,-0.09433946449746804,0.19320168792911557,-0.19635324396354215,102.36831352930143,166.8636477504741,81.9200962846532,2.196955083949846,1,157.32807625728017,154.18151473213456,1.0322175732217573,0.49667870931302954
2017-11-30,0.25288188816109924,0.1825513192475987,0.024963563282723828,0.0306450086291236,0.020779654654492757,0.027222096986160488,-0.05476863095379615,-0.012978401506491828,0.08862260522144536,0.28420454653155075,-0.37460516401168203,102.4055356262876,165.2745427259117,79.78570510437731,2.3457059871241235,1,162.9790184826754,159.71943811302188,1.0376569037656904,0.5132771364895724
2017-12-31,-0.09564059436929787,-0.06462350486033445,-0.012810022654955799,0.003451740661760374,0.021003194453929227,-0.008364293735769005,0.004084855695455816,-0.01392509300128264,0.3016064748403364,0.20291074476834758,0.05576043198508651,102.40717133255183,168.18266071048612,80.37004275429453,2.4023540930481815,1,163.05008313661855,159.78908147388617,1.0430962343096235,0.48419682114598667
2018-01-31,0.14190397035366126,0.08666111517389778,-0.03853836030572832,-0.004426898298895013,0.0212110797394392,0.010973263547049724,0.02066133087543138,0.020909399917055968,0.0820694995338074,-0.0664514035251042,0.008919907066633575,102.42814459609887,166.5001806348288,78.26470618743329,2.3237415893652487,1,167.042422842651,163.70157438579798,1.0485355648535566,0.4518284135763588
2018-02-28,0.12081205302921086,0.07900316035266494,-0.017169253600358227,-0.0028296668096862306,0.021400066530671332,0.017244910906739717,-0.043613643111131736,-0.006294651670609485,0.2739238951107069,0.06494958269191067,0.2152220334400795,102.45538950700562,167.34380348466826,77.70202158773895,2.177493695437124,1,170.77194551830343,167.35650660793735,1.0539748953974897,0.4266793844304448
2018-03-31,0.007401704534396451,0.017656877877750502,0.002377894287788271,0.010665534081321235,0.02156720575195671,-0.0007940265501495528,-0.03593615816855333,-0.016775646660648076,0.2588658785407758,-0.08071016586160648,0.3490463555507991,102.46459548045547,166.35537024412707,78.6169323883231,2.051009436000541,1,172.6159500577172,169.16363105656288,1.0594142259414228,0.4050265534979088
2018-04-30,0.21199145044496795,0.15888895261620056,-0.032794699366257174,0.047652625492575575,0.021709889251648337,0.015845777234586127,-0.03129783860888827,-0.010433955108013555,0.05357434549589174,-0.2244531660638522,0.23074222235090414,102.49044125769005,166.83863361730545,79.01645812349207,2.3016038719909613,1,178.08631169949723,174.52458546550727,1.0648535564853558,0.38466082070071766
2018-05-31,-0.5523539656350315,-0.39731159814716527,0.007095212587350014,0.00816680016672622,0.021825890501455256,-0.06042446947409211,-0.012603191446611794,-0.005428624841275276,0.13317668153540488,0.05540898802881167,0.13794313272037537,102.44001678821596,167.567011060141,80.42023215414754,2.179661335511331,1,170.2099939698403,166.8057940904435,1.0702928870292887,0.3764352947781641
2018-06-30,-0.7345239384284606,-0.5401047714948254,0.003023147464105011,-0.024524031156001647,0.021913399340671852,-0.09002179186721895,0.013395910483054503,-0.029528332346898868,0.39901812235626344,0.2373004296760191,-0.035483848200264095,102.35999499634875,167.10266542186557,80.14089120255969,2.1987973030343686,1,159.74527886485126,156.55037328755424,1.0757322175732218,0.4162235466309764
2018-07-31,-0.6910095709789429,-0.5071581353354855,-0.007312270892936189,-0.0265660073328774,0.02197105022313024,-0.08404085476794623,-0.0606733391311538,-0.0023463642201012993,1.0344933607322482,0.5320402151403723,0.06236743097941051,102.2859541415808,167.7340082031105,80.35039130827379,2.0235976147526027,1,150.5777530664315,147.56619800510288,1.0811715481171549,0.4802732035603043
2018-08-31,-0.5469783934504582,-0.41677934665201594,-0.022522261746919892,-0.022152906161283917,0.021997943526091492,-0.07933846899358579,0.021296520433138108,-0.009866787136922354,1.328488506989276,0.49240895484858516,0.35074812769401065,102.21661567258721,167.23387823326362,79.1137667298062,2.020624233939141,1,143.99545594006517,141.11554682126388,1.086610878661088,0.516493780070129
2018-09-30,0.14712720918297087,0.09661126868860087,0.01548029943097676,0.009322855496126091,0.021993659588557597,-0.012271694107954065,-0.021152997973939318,0.05262803611343454,1.352380790410736,0.47368926008970097,0.1684756789602849,102.21434397847925,167.77846861954828,80.51075933704766,2.1174230296800975,1,147.59831026395076,144.64634405867176,1.092050209205021,0.5195799208881269
2018-10-31,0.08458258412459885,0.07716823108138027,0.012416481709698066,0.04333212265720429,0.021958265259940976,-0.0033649575840113506,-0.006090806706833809,0.03248191105116437,0.3861545237278965,-0.08121280380459062,-0.10369990181409891,102.22097902089524,167.3103349247484,76.95466930070933,2.304773742778589,1,150.348017348006,147.3410570010459,1.0974895397489541,0.48332377105183155
2018-11-30,-0.38972799939657915,-0.27756233693901433,-0.01003515370745307,-0.03127938822405496,0.02189231285690174,-0.03809543199081358,-0.037542162567973596,0.048498742130876085,0.18674968722039237,0.151611940033746,-0.012479761176606007,102.19288358890444,168.0632612860347,78.72605967659082,2.2892678801614474,1,146.0545120892776,143.13342184749206,1.1029288702928872,0.4507893595382911
2018-12-31,0.2497564465933466,0.18728381158254026,0.0023524980091044825,-0.017553975085605477,0.02179683154463098,0.005576757391340566,-0.027304665338803564,0.00218091705323014,-0.036757981683187696,-0.021310812057521958,-0.21455143075878427,102.20846034629577,167.32162510291636,80.2485532772776,2.4488356460057177,1,151.25324740954056,148.22818246134975,1.10836820083682,0.446955170343523
2019-01-31,0.6103892668004385,0.4225926355792506,-0.013605849654730665,-0.01922879426453753,0.021673311277072112,0.05131903527718024,0.012929914306104537,-0.03350080538351636,-0.3345769907881513,-0.2074551072599538,-0.11626784031674454,102.26977938157295,165.4380758233627,78.44748145888451,2.332099832833648,1,162.38896791086972,159.14118855265232,1.1138075313807532,0.4295959968593759
2019-02-28,0.4503262844625377,0.3349344561814909,-0.016702092782567828,0.007288866832277669,0.021523679546687983,0.05449262928946147,-0.017399657311678654,-0.011985009804088197,-0.45598385892378634,-0.1326960810005057,-0.21585923949715302,102.3342720108624,167.80192142310716,79.24466808126736,2.2702773307032813,1,171.57613814454095,168.1446153816501,1.1192468619246863,0.4648780807773727
2019-03-31,0.2467740170886707,0.20191387664984484,0.01959139033425695,0.021375883143340046,0.0213502713065856,0.035494096985770024,0.01003253290878596,-0.019509155369763363,-0.2995034675668274,0.13242363419523345,-0.4759883361222958,102.37976610784818,167.46243443239808,79.13098841348604,2.265239574625978,1,177.63031774129954,174.07771138647354,1.1246861924686193,0.4657877178897642
2019-04-30,0.0710026348466687,0.06354265088705388,0.026483922439306057,0.00469332691707946,0.021155792534353884,0.019569795202191688,0.03698114573023013,0.03547603854482858,-0.2177090678308658,0.15490829491788155,-0.4008650268815827,102.40933590305038,166.82677359132015,80.25995704573324,2.1678903701127696,1,180.69396289188012,177.08008363404252,1.1301255230125524,0.4446943137912106
2019-05-31,0.4764258880914624,0.36448431601332887,0.020803603869182438,0.024771263727753377,0.020943278006188393,0.05867891461045212,0.04393363374901496,0.030751964333331668,-0.3247775101464531,-0.034133387574765486,-0.12014373338367923,102.47801481766082,166.8844270486623,79.19180779620396,2.11181675111712,1,191.41567577877544,187.58736226319994,1.1355648535564855,0.4182740225043238
2019-06-30,-0.0108599145457072,0.010065547867136992,0.024637800051704625,-0.013135763996200797,0.02071604394022383,0.02408475923537262,0.1299565655637518,0.0010877250670761583,-0.751255715755173,-0.39597585491631887,-0.0556871043157924,102.5120995768962,166.73065473468571,79.67172075589683,1.956189381933656,1,193.12958429713453,189.26699261119182,1.1410041841004186,0.4338673655872754
2019-07-31,0.0930619053618444,0.06596605037897252,-0.02202866608262917,0.014007855412457172,0.020477636248059167,0.040181481041014384,0.03636716459271162,0.021226037098285116,-0.8578659165489063,-0.38337797633739723,-0.010744731564338899,102.56228105793721,167.67640102138344,81.04652461030864,1.8028601257692272,1,196.89440609577875,192.95651797386316,1.1464435146443515,0.4084659180433941
2019-08-31,-0.24340034440894556,-0.1911559744853022,0.01240971600184151,-0.004319094975968597,0.02023177520199312,-0.0037661143751809255,0.02444055521077297,0.04197331737813805,-1.465498973189335,-0.6262501198236151,-0.3507837003163857,102.56851494356204,167.25658854175512,80.87516920857009,1.5484964379239654,1,194.09108145576732,190.209259826652,1.1518828451882845,0.38903869909111394
2019-09-30,0.08921798920387386,0.08737957439753456,0.010386662193217357,-0.0317345931557054,0.01998229738141919,0.015474876226709197,0.020380698123064242,0.005477376641621784,-0.5988095740932003,0.06881168065398474,-0.08215700626991657,102.59398981978875,166.86116178243128,79.37773022971187,1.4810760104067398,1,197.79859971115587,193.84262771693275,1.1573221757322176,0.3825545545366961
2019-10-31,0.3305083099128583,0.23139028028216294,-0.004263584710116945,-0.0026435705106119135,0.019733095804287427,0.044250685131069736,0.05387232620264616,0.0709197017292006,-0.13343614403195542,0.24169597974053303,-0.188312610316095,102.64824050491981,167.73210207534814,80.58861912912786,1.4671505573628063,1,206.49995011725628,202.36995111491115,1.1627615062761507,0.3677850037143197
2019-11-30,0.10244852038038604,0.055454595089882555,-0.033030650071420024,-0.011587152489873801,0.019488059177861335,0.03284105657729037,0.045837024153940586,0.028020168007697882,-0.028450010746703988,0.11480951737749484,-0.16545709097800237,102.6910815614971,166.46823026324122,80.05749319565602,1.3320606843093135,1,210.723115493198,206.50865318333405,1.1682008368200838,0.3752337071687117
2019-12-31,-0.06301693610582176,-0.05264745918157727,-0.019343981358231895,0.001412781567453327,0.019251011216741675,0.012474167226744466,0.052512206222026084,0.04481900170330409,0.37803788284967277,0.21382342169751475,0.17221216247879995,102.71355572872385,167.17651126671504,79.52743591035275,1.3275805726877838,1,211.50387699534724,207.2737994554403,1.1736401673640169,0.36234466906867324
2020-01-31,-0.047828859113441154,-0.03654271936246827,-0.001866747795216137,-0.016608240329273695,0.01902565097507898,0.009263539036626495,0.013216244600378513,7.115514709997092e-05,0.45446131496254827,0.17890084818761917,0.11878516051874818,102.73281926776048,167.5242852635326,80.00146798036862,1.3204864997758219,1,212.6102002497935,208.35799624479765,1.17907949790795,0.35066367500926365
2020-02-29,-0.4593088007508151,-0.3223696254706442,-0.028487925777947946,-0.003265589513594342,0.01881549512407071,-0.04704197197069648,0.0008745666621967048,0.04453698351469362,0.399643067503513,-0.023710003583701234,0.3076415611950443,102.69577729578978,166.63526072509018,79.21496164114009,1.3295969714685016,1,205.1065424253356,201.0044115768289,1.184518828451883,0.34092957349627945
2020-03-31,0.08467681558591908,0.07606084899155294,-0.033477470344378486,0.008219244530848517,0.018623823075483405,-0.0032115635623160797,0.013484947296698399,-0.022024058882743027,0.09882485919545089,-0.19752242925761515,0.18923957148347706,102.70256573222746,167.49856703666433,79.0218167991139,1.5722759833518032,1,208.92957737757513,204.7509858300236,1.189958158995816,0.3744285782474385
2020-04-30,-0.21601800537391933,-0.14888521800324434,-0.008077841135370342,0.020396048790782856,0.018453625807528896,-0.02453062069019615,0.030984569607034287,-0.03638612610661435,-0.44806775915605884,-0.33455409554943116,-0.006921970500227165,102.68803511153726,168.15525151428832,81.00653162105435,1.5688505192670408,1,206.5196250196876,202.38923251929384,1.195397489539749,0.36105026768614734
2020-05-31,-0.05216028170742953,-0.037695926460466336,0.03881959641691556,-0.0015385327034087692,0.01830755919164966,-0.0075524704945054855,0.0019823628981087233,0.024709440218458924,-0.30646667544900996,-0.023279686980018893,-0.12595822250387584,102.69048264104276,166.85256974660334,81.39021078530102,1.8021610589262553,1,207.50997610502142,203.359776582921,1.200836820083682,0.358066501828177
2020-06-30,-0.5622269956805697,-0.43017116190400206,0.018399602514867462,0.005451317160669199,0.01818790254853325,-0.06676909601091625,0.019185713531622635,-0.0007975299479138775,0.18549416694859908,0.32007102167615187,-0.18769653576706716,102.63371354503184,167.0409930415944,79.0059159288643,1.9124760937613492,1,198.1366049034928,194.17387280542295,1.2062761506276152,0.3469668005571091
2020-07-31,-0.9849481163363627,-0.7222826474143251,-0.02280403842430094,0.008121660404927693,0.018096523080075293,-0.1155585256988875,-0.04033911925926195,-0.04826606838545141,0.4066538382934362,0.30462830330819657,-0.11066116650237331,102.52815501933296,166.7341394828413,79.95008615266036,1.9415438109744438,1,181.35599175772282,177.72887192256837,1.2117154811715483,0.3976869831807078
2020-08-31,0.01221329589261752,0.00575997804761099,-0.011803018858336147,-0.026848229127212707,0.01803484673231843,-0.04287955274234789,-0.06175275862352001,0.002398186721986214,0.5240476629530438,0.1758958393651021,0.1404892073592137,102.49527546659061,166.84903236541325,78.89110182593285,2.1067697853833813,1,183.4025079561789,179.7344577970553,1.2171548117154811,0.5283730135081726
2020-09-30,-0.5108187768398381,-0.37513407411084027,-0.008592433331491293,-0.028249454839453465,0.01800383594404121,-0.06994258098135642,-0.07261656974576988,-0.08035871472785734,0.3774133084951783,0.10937609067159837,0.041172494029904166,102.43533288560926,166.94398596965834,81.53604914563209,2.3282200545890133,1,176.0206568880708,172.50024375030938,1.2225941422594142,0.48762665568897107
2020-10-31,-0.6146356287538014,-0.47534658619432524,0.038413788216131076,-0.04428725212007023,0.018003974628222875,-0.08474126785756274,-0.003101345310380435,-0.004607659697975816,0.7018910144718177,0.33219409100110486,0.09471339230897657,102.3605916177517,167.19246032550754,81.34192689759007,2.3276510528803422,1,167.1911542349703,163.8473311502709,1.2280334728033473,0.4919341666849954
2020-11-30,-1.450585828183947,-1.0558056281566406,-0.00025361537007932006,-0.018090280970077477,0.018035260620743156,-0.14231231103741465,-0.023410933731069245,-0.011265932901380098,0.4834256326188072,0.42803795349676177,-0.5033568513673259,102.22827930671427,165.79001378462806,80.98235283186482,2.184314465968327,1,146.0690143633849,143.14763407611719,1.2334728033472804,0.511515560714734
2020-12-31,0.37540396878950155,0.2613356695887992,0.018637607716885683,0.019999356381388004,0.01809720571415264,-0.030581614612944383,0.011639075432663612,0.01658025238585622,0.3705011783908952,0.1378495236675653,-0.07499820757106268,102.20769769210133,167.14882391678697,79.02343750660762,2.1534364238018098,1,153.18090491918065,150.11728682079703,1.2389121338912135,0.7201898819030408
2021-01-31,-0.018073687228978154,-0.020201878838694176,-0.0037770229210528257,-0.010107145274934955,0.018188843275986754,-0.015445832340852193,0.07358562979112031,-0.014234066530380667,0.07745606943846896,-0.09465266169889287,-0.0617121137811998,102.20225185976048,166.24511099509937,81.60427236478408,2.4133669028400564,1,154.441014349722,151.35219406272756,1.2443514644351465,0.6665547562249554
2021-02-28,0.006023813476879878,-0.001265893343499325,-0.00026404970424166686,0.0031934096437546996,0.018308743332742045,0.0058635130714172765,0.09371507463036767,0.02554388323190123,0.15302107847919805,0.12010164768981338,-0.08194602271316181,102.21811537283189,167.00172504750284,82.13001039681674,2.314513370729654,1,156.08716803375603,152.96542467308092,1.2497907949790796,0.6054717348644548
2021-03-31,1.2549486386145896,0.9126778672078841,-0.008594749970032949,0.010597691154288127,0.01845503488413446,0.10814469039625196,0.051063245424165286,0.06923468312562381,0.13417193472642464,0.15992170865089106,-0.14310795728749187,102.33626006322815,165.776545150154,80.39988148732168,2.2627947353383533,1,178.7359334523348,175.1612147832881,1.2552301255230125,0.55312745097984
2021-04-30,1.4960473918840669,1.109811566287226,-0.023250516676163582,-0.022408048139046875,0.018625435099433,0.12916585351595933,-0.0008067626046454404,0.027108744684898288,0.4703599523736644,0.2954827692045382,0.0693961244424797,102.4754259167441,167.26625695522458,78.88643423951031,2.163790441601569,1,209.66567193922137,205.47235850043694,1.2606694560669456,0.6921895940130138
2021-05-31,0.49938611224257945,0.3981006988067121,0.009359406637665367,-0.024670106874424294,0.01881728494026975,0.06720128209229577,-0.023576651752682407,0.004082593453550161,0.8598192352412908,0.3876842899379823,0.2824399679308236,102.5526271988364,168.13521684299198,78.84412842587707,2.1787319290315583,1,222.6170064160881,218.16466628776632,1.2661087866108787,0.8408690209500879
2021-06-30,-0.4870911974777192,-0.35574445121047443,-0.027131439810149767,-0.01600579546136882,0.019027590654044305,-0.004415170380383356,0.01318903713680209,0.01419283596573494,0.95994142087252,0.24734018721306983,0.19978979242286815,102.55821202845601,167.46120360081994,81.00802099979201,2.0548104487423267,1,214.16435090963893,209.88106389144613,1.2715481171548118,0.7787306739695582
2021-07-31,-0.4097248327044261,-0.3075380260181478,0.007198698609214743,0.011587470859331584,0.019253070490431772,-0.018307944667546327,-0.006013972546008519,-0.013230312123261152,0.7383022185733782,0.04829103824793708,0.3465974317636358,102.54990408378848,166.59261557564966,78.6482516496147,2.0918959425700105,1,207.63282012813002,203.48016372556742,1.2769874476987448,0.7254135631939089
2021-08-31,-0.5761760732341532,-0.39329647792171224,0.02237602842363793,0.0036750774997240986,0.019490205911999008,-0.039209300218126186,-0.06473274189279352,-0.01114698890637607,0.889720696731533,0.21658995036506146,0.36789789536109996,102.52069478357035,166.00041607780747,80.82393392809358,2.2146804004579748,1,197.97754686164967,194.01799592441668,1.282426778242678,0.6737639013586931
2021-09-30,0.20196440173574426,0.14659177153985098,-0.0025351512736181726,0.013413718555435722,0.019735296499804454,-0.009037219276684296,0.00021391383449782114,-0.021458727062849535,0.3928481401282666,-0.06178759598918199,0.1538471129142564,102.52165756429366,167.13733551821605,79.85225304089404,2.228494992285304,1,204.04693986416643,199.9660010668831,1.287866108786611,0.6485091528692881
2021-10-31,1.3365541330360664,0.9975872089783028,-0.019988401182535736,0.015164501808709173,0.019984517697198074,0.084088413989037,-0.10241141344864514,-0.0069967858385085865,-0.18745164766289432,-0.15828256194322024,-0.22343600863739024,102.6157459782827,168.00755587927173,78.39777469399549,2.181039114852896,1,235.56938018041706,230.8579925768087,1.293305439330544,0.5947693346135755
2021-11-30,0.1740539829522292,0.12402860863758906,-0.010748831463568063,0.0012830216960859563,0.02023398049074873,0.01750063792358876,-0.018928994159759804,0.02410401627054024,0.0637689101555835,0.1884223303334412,-0.12349963728647179,102.64324661620628,167.40618818803424,78.76799046763671,2.275854920211675,1,242.11452943899127,237.27223885021144,1.298744769874477,0.7389304506950689
2021-12-31,0.45475760210236293,0.3454058748243555,0.0007510201366493266,0.003082151649901829,0.02047979209699805,0.029877500441408675,-0.06941283562347118,0.00877193611593383,0.24540562124978108,0.2896710000751406,-0.2988371554594531,102.68312411664769,167.93497002096294,79.37954621716275,2.284478022798224,1,255.92556399597285,250.8070527160534,1.30418410041841,0.6709213627614347
2022-01-31,0.609919618507366,0.4434247416197788,0.0031215338040992712,0.000564993969082744,0.020718116708044337,0.035700494407449275,-0.0516472494577119,-0.017761031605320318,-0.16953656471493078,0.19301794657527918,-0.7377989913598255,102.72882461105515,167.79501017569845,78.50539513778894,2.2246684868293234,1,274.7546721979051,269.259578753947,1.3096234309623431,0.6325016183705146
2022-02-28,-0.6108775294207296,-0.4426552540427438,-0.005443938070451081,0.008283074490617553,0.020945235348041942,-0.038599427317638144,-0.022414768502287713,-0.03788833219623074,0.016826739938581088,0.1636481446585303,-0.20395885723932478,102.7002251837375,168.16881405049287,79.91156258676612,2.390367804804022,1,261.0705939008678,255.8491820228504,1.3150627615062762,0.6197787860146986
2022-03-31,0.12490603300096666,0.10110825214512312,0.0031410275864757896,-0.0019913027213277006,0.0211576039065755,-0.005594389616403721,-0.09064031869677677,0.003424473520804012,0.08103628646385527,0.02317067035977763,-0.05546389799433698,102.7046307941211,166.63654669983288,79.36435344578865,2.2306860670148674,1,267.0087551714821,261.66858006805245,1.3205020920502093,0.609804944089805
2022-04-30,-0.4795107810587771,-0.3429906042975488,0.024051995412589112,-0.010957574260716176,0.021351908443317597,-0.052518758327563114,-0.046017449733566376,-0.028713136253958674,-0.018656602074740916,0.10307072847997896,-0.26461568486739,102.66211203579354,167.18510154572667,80.6789130791993,2.254200874590357,1,257.0653597515292,251.9240525564986,1.3259414225941424,0.5587813766255763
2022-05-31,-0.0080769517275215,-0.0073310420705412025,0.00979046084910547,0.009233493212518686,0.021525116900959207,-0.024724245756296958,-0.0347816687990537,-0.0003104942458611107,-0.07314137489798152,-0.00498789609712641,-0.08647665024912612,102.64738779003724,167.7041341899663,80.86632734007998,2.223954907537284,1,259.43927706869056,254.25049152731674,1.3313807531380755,0.5438150893776409
2022-06-30,-0.6753665445941399,-0.49406310641971113,0.015696382718890862,-0.006962347973058712,0.021674526419449898,-0.06980820266062089,-0.015551561177356763,0.0015387140370531028,-0.3163772419982761,-0.008605495960892124,-0.20758785037984978,102.58757958737662,167.73576644128235,78.85678055134872,2.123481645996413,1,244.93332264350286,240.0346561906328,1.3368200836820083,0.5006818523973505
2022-07-31,-0.6458222805136656,-0.4900714450108756,0.005348954495368794,-0.014246202185516563,0.021797805513224935,-0.0730143173677063,-0.02447194181151643,-0.011250383985916216,0.06130681557804567,0.1462388211505511,-0.11834013923337414,102.52456527000892,165.22046821883333,81.0230846919082,2.0653283315176068,1,231.92262265066725,227.2841701976539,1.3422594142259414,0.5285726092483576
2022-08-31,0.6046203560386889,0.4446873780166808,-0.010503768767222827,0.0301200507952011,0.021893030453257717,0.016965852299100838,0.006977084066950554,-0.009979512499681637,0.32879174302621705,0.23238373801841927,0.044965902742864515,102.55153112230802,166.68273513169467,78.10645071292763,1.8660092601164018,1,248.85386299745514,243.87678573750603,1.3476987447698745,0.5443487127331553
2022-09-30,0.0010908098162362573,0.009597861219668703,0.031241559968876984,0.01150967622163351,0.021958715286207835,0.0017233666209125996,-0.02079568739625435,0.011323806153107525,0.24701531072966654,0.06626617496507058,0.006649487757545255,102.56325448892893,166.10190821400272,78.57125515940535,1.7352686220819267,1,251.3823054332577,246.35465932459255,1.3531380753138076,0.549822985071922
2022-10-31,0.07781220171291295,0.01982628090977285,0.002116879039534893,-0.02384568023580806,0.021993835022225967,0.0035375828427250755,-0.049825520961523206,0.017398365254635426,0.049528594655885515,-0.1259628052526907,0.0010309986588747148,102.57679207177165,167.94210716221244,79.95628413586479,1.527985450763922,1,255.89216614284084,250.774322819984,1.3585774058577407,0.5057650761111318
2022-11-30,0.364265047576265,0.2726475470441687,-0.014588267075136396,-0.01112914495207324,0.021997841629577648,0.023557674738790967,0.03145258019235794,-0.022696488044359468,-0.22328452853259267,-0.287561844871277,0.19249294343698156,102.61034974651045,165.99479611961712,79.46782763026954,1.3735594020516535,1,268.05244039688324,262.6913915889456,1.3640167364016738,0.4694362011494669
2022-12-31,-0.05617413328050046,-0.042996311125162376,0.022311518353834183,-0.004832860821345472,0.021970672586495203,0.005264705770466614,0.023135252062463477,-0.010088340699767884,-0.5051987656062765,-0.4768898999066516,0.37062996918879737,102.62561445228091,166.81062351564418,80.06718569336768,1.4343498675163273,1,269.2297814647481,263.84518583545315,1.3694560669456068,0.45876500967785755
2023-01-31,0.5250481838282834,0.39983140437228826,-0.026449107116728245,0.01041059861387587,0.021912751856809007,0.055578004123105124,0.02548173428967583,0.028412282978165514,-0.242866240924999,-0.19043236334272642,0.3645503370722203,102.69119245640402,169.0181057604812,78.32368475937905,1.2798554528336163,1,286.59499146594925,280.86309163663026,1.3748953974895397,0.42965653172814616
2023-02-28,1.2265145583592105,0.933248081614435,0.007535729432644068,0.02960842931898699,0.021824983274133725,0.1294209861513248,0.023960210099989856,0.02876051428032087,-0.04980090562106813,0.037356890895981126,0.07903165658730558,102.83061344255535,167.2976823876055,80.71000926681732,1.4601948020456819,1,327.24904789786467,320.70406693990736,1.3803347280334728,0.4500958529557759
2023-03-31,0.6081200575648092,0.4623835222392357,-0.003409777515938471,0.005478388924533619,0.021708736437847046,0.08540536491769563,0.09442830422516023,-0.0036937476409406346,0.2991891229552519,0.24713249796267311,0.043275435487436495,102.92601880747304,167.73823722407786,79.84934260088596,1.5005917213142743,1,351.26239249117145,344.23714464134804,1.3857740585774059,0.6233976344219014
2023-04-30,0.27998646380305897,0.1845647055622529,-0.013456503695590174,0.03815925845665451,0.021565825340949456,0.0633107203524151,0.030300549619893966,0.05112543173412201,0.061432971900276065,-0.05053971086585668,0.026430898439477758,102.99932952782545,167.22863065205755,78.0603621798157,1.5894855978506737,1,364.86672412508756,357.5693896425858,1.391213389121339,0.6122912680154515
2023-05-31,0.10788873204983795,0.07231175303905227,-0.02409924360048457,-0.01298901053058037,0.021398480063310195,0.03607323319790889,0.06677253886860363,0.04193813614374593,0.04266163399136881,0.16921112627645912,-0.35058205973964146,103.04540276102337,166.9021060981235,80.15059600870939,1.5392266274237978,1,372.53128494576555,365.08065924685025,1.396652719665272,0.5686804061689026
2023-06-30,-0.7363242277473822,-0.5283529351580627,-0.029461477655188716,-0.009381570382281715,0.021209311972016743,-0.031681947083000546,0.07063853928278306,0.0801968225541531,0.11452621653909108,0.14981912769531136,-0.10172560230945152,103.02372081394036,166.26231561331483,80.44946190087998,1.6793837479754237,1,349.56467616197233,342.5733826387329,1.4020920502092051,0.5233350479297167
2023-07-31,0.6556444389253242,0.46321405075179894,0.0030010079071390635,0.010957822894292564,0.02100127297186483,0.0530752392116256,0.04083367281781206,0.03230437549886222,0.0149110605880005,0.005574042635064794,-0.17607774882427532,103.08679605315199,167.86402456595724,77.54698780257694,1.7718897681408887,1,377.0029611182876,369.46290189592185,1.4075313807531382,0.5563545075192041
2023-08-31,0.9181682708581471,0.6913957247269482,-0.03375505869540983,0.005361256119982381,0.020777609441871382,0.08664936007770493,0.06308224146654073,0.017410984812268434,0.31782550880042343,0.1611721462364851,0.09330087968606726,103.18344541322969,168.19970191626808,79.1441990302135,1.8253778050036686,1,417.41038265570796,409.0621750025938,1.4129707112970713,0.5671114633913943
2023-09-30,0.22123950350692972,0.18578196348928716,-0.03356805807150765,-8.836443970249865e-05,0.020541811576615738,0.051842749295098266,0.1287996896115272,0.0035412351688596,0.30169833531064283,0.061840940680911886,0.05335685888281543,103.24528816252479,167.92014039748372,80.52093137993464,2.1000154641861313,1,431.0369508583248,422.4162118411583,1.4184100418410042,0.6236061558349419
2023-10-31,0.31017633516415016,0.22222409124039638,0.00383178339845152,0.009955573220456057,0.02029755892292058,0.061663708053979305,-0.0003721182905934012,0.008713088973757874,0.2612670423270307,0.14765252596414707,-0.19451715615334159,103.31695187057878,168.79757643947272,81.78387640981651,2.214045566862022,1,449.0846736917954,440.1029802179595,1.4238493723849373,0.5746151632457688
2023-11-30,0.6261236822736355,0.48196704447173555,-0.02808987676236155,-0.011327445456113428,0.020048662961754404,0.06881571895801065,-0.017431023118148106,-0.0003021354629128975,0.4943396409191205,0.2421562178947832,0.0961174437879171,103.39576758953677,167.84100139125712,80.96284257701079,2.254661402270356,1,482.9068708191924,473.24873340280857,1.4292887029288703,0.539455027962805
2023-12-31,0.4142147593182094,0.30575841198871845,0.013996378299835103,0.00744993002492832,0.019799007631345802,0.04943206869921203,-0.003606826965788807,-0.043876146658019026,-0.20055650384230478,-0.09043588678410938,-0.34650551349778036,103.455199658236,167.3237163479383,79.57444931343608,2.192370748394958,1,508.388183721058,498.22042004663683,1.4347280334728034,0.5494301305736146
2024-01-31,0.8467263905490214,0.6166207430764007,-0.016613196213010904,0.02658431680773974,0.019552488719626407,0.07954909671460184,0.004283702756038851,-0.0063196282863258735,-0.48696499639418134,-0.28643375287627026,-0.12167794648799271,103.54474875495059,167.23766063927553,78.79489804752177,2.314398296103744,1,558.8705857182057,547.6931740038416,1.4401673640167365,0.5286602374826902
2024-02-29,-0.30438117995682934,-0.23762721939359238,0.0054408130028006495,0.023021338288449503,0.01931295307176322,0.004431616380763965,0.076444577346521,0.003597435409971376,-0.30477977959562175,-0.19662102567691062,0.04523710269975591,103.55918037133137,166.53599845617558,80.71448213800635,2.356385710849399,1,547.5642563572144,536.6129712300701,1.4456066945606696,0.5816941341337412
2024-03-31,-0.1946173830560335,-0.12178531989694491,0.03709275677724622,-0.01518548352983902,0.019084138561426378,0.003157210317855588,0.002918001633737139,-0.023763588433047454,-0.4726713882264988,-0.11208079910400551,-0.08921198790829878,103.57233758164921,167.0779096074092,79.68751204802099,2.2877790126095414,1,542.407779743398,531.55962414853,1.4510460251046027,0.5448832880667546
2024-04-30,-0.20130009595563486,-0.16330386309278688,-0.006606164553299607,0.008359714143187862,0.018869615762520688,-0.011789980380054696,0.05362450631431064,-0.004586787632220529,-0.06995198232943278,-0.04114911900213612,0.08009873406118398,103.57054760126915,168.14366572247474,82.20031910260361,2.1964537877009533,1,536.9409201493193,526.2021017463329,1.4564853556485355,0.5068361784142117
2024-05-31,0.42017689175018247,0.2955035706452066,-0.00898920414778977,0.037504179106246316,0.018672732231574066,0.04151920959421088,0.019198873469428765,-0.02270383402327846,0.32845842121405344,0.16799215682547308,0.2603687741511849,103.62206681086337,168.39825314859823,78.34126577402273,2.314238789660141,1,565.6105455435395,554.2983346326687,1.4619246861924686,0.4754384430954993
2024-06-30,-0.3118529804436269,-0.2333899494406123,0.04994919697390576,0.002909603049828022,0.018496560270237532,-0.011385415292903683,0.01113421618372507,0.03244581130931802,0.10996691613786219,0.02865315418015839,-0.0918992776889154,103.62068139557047,168.03657405046795,81.74738526616429,2.117370647256719,1,553.7539537247692,542.6788746502738,1.4673640167364017,0.47013757893356567
2024-07-31,0.647651181641869,0.4857606322648781,0.0061710617053590735,0.009124039931992617,0.018343848983045512,0.058197302842276574,0.0001979906218699803,0.027781687563503327,0.2261294484082812,0.10195489120914025,0.016639446302616226,103.68887869841275,167.06512128444948,79.71975946051501,2.056740137409521,1,596.7424297899411,584.8075811941422,1.4728033472803348,0.4538922857193342
2024-08-31,0.3242049608744767,0.2274320508745589,0.029480051899589205,-0.014753872203515652,0.018216981378559018,0.043036234765438594,0.07125037151219968,0.042862355539903314,0.21135727993125428,0.04713922572287253,0.1467832968621802,103.74191493317818,166.41715590605563,80.6845541500239,2.100693281347724,1,622.6011315686043,610.1491089372322,1.4782426778242679,0.48930306448989486
2024-09-30,-0.31631086014366905,-0.23018553561652555,-0.01121042000153101,-0.024602333130827603,0.018117937183314094,-0.001544226462981465,-0.027588270464456534,0.062322631660177874,0.16726144927598213,-0.10111216619343155,0.1335464786405018,103.7503707067152,169.001118631035,78.63884748195963,2.1928592159980846,1,609.2782070850249,597.0926429433243,1.483682008368201,0.4705963039471992
2024-10-31,0.05758633311202407,0.006858387717112384,-3.967466814685161e-05,-0.03173228116213593,0.018048261948851348,0.004177177943978327,0.01936267676508824,-0.029698810499190213,-0.17738850083025742,-0.20857945691300633,0.04459355131991537,103.76454788465918,166.96682210040123,78.92124799693984,2.1047727532918947,1,618.9556503050898,606.576537298988,1.489121338912134,0.4546942333475457
2024-11-30,-0.844517128459596,-0.6167511966906303,-0.01405712674742577,-0.004147230594492584,0.01800904293390109,-0.07520071610820764,0.07054364820399608,0.03445112244552952,-0.07086241822495354,-0.10298358466092808,0.16051982905209813,103.69934716855097,168.68369084422045,80.76753539745873,2.1003156077230822,1,574.547003294064,563.0560632281827,1.494560669456067,0.4262942713213492
2024-12-31,-0.3458799621567408,-0.23258981142601792,0.005049866628692507,0.022252951662660402,0.018000892138074476,-0.037440425470832,0.02281043367201257,0.012404440585732911,0.08864379134902349,0.001776488953511915,0.18595664978729212,103.67190674308014,168.53346348883792,81.44668893426922,2.287935932246992,1,560.5923058174059,549.3804597010577,1.5,0.5114647531653789
