firm_id,date,treated,post,size,leverage,outcome_y,endogenous_x
firm_01,2018-01-31T00:00:00,1.0,0.0,8.519775911467494,0.3577590135791016,8.281342947667275,0.2785972991161518
firm_01,2018-02-28T00:00:00,1.0,0.0,7.55721041465215,0.3378183221465689,7.161166663415577,1.1977342200420291
firm_01,2018-03-31T00:00:00,1.0,0.0,7.823590785770317,0.3343232278441892,7.582391886802917,0.2791971515539841
firm_01,2018-04-30T00:00:00,1.0,0.0,8.058331858128255,0.3581110765958445,8.19643779930995,1.693126004491981
firm_01,2018-05-31T00:00:00,1.0,0.0,7.790582349444769,0.3323010132904619,6.775339604671813,-0.6336680485148168
firm_01,2018-06-30T00:00:00,1.0,0.0,8.382292912367715,0.2967550203777046,7.332408657947028,-0.1402526508296088
firm_01,2018-07-31T00:00:00,1.0,0.0,8.283596354996046,0.3652903550150778,9.385157683987362,1.2847737900498406
firm_01,2018-08-31T00:00:00,1.0,0.0,7.887258066895583,0.3441162567445512,6.077208583694369,-1.1839305114729957
firm_01,2018-09-30T00:00:00,1.0,0.0,8.065686414657932,0.335498707101331,8.615878353039573,0.3335665962590394
firm_01,2018-10-31T00:00:00,1.0,0.0,8.386403679396443,0.3839119099557461,7.835612225525817,1.3008937197150665
firm_01,2018-11-30T00:00:00,1.0,0.0,8.436941562073635,0.3457133036171855,7.322079734610011,-0.3589935060552574
firm_01,2018-12-31T00:00:00,1.0,0.0,8.589303227919594,0.3709084809281752,8.811756994695338,-0.3942723802437593
firm_01,2019-01-31T00:00:00,1.0,0.0,7.949404884050156,0.3146246258238823,10.146094014149632,-0.0443327071779516
firm_01,2019-02-28T00:00:00,1.0,0.0,8.236495328313826,0.2680394320830639,8.260919234930208,-0.4894230612092318
firm_01,2019-03-31T00:00:00,1.0,0.0,8.244491348369088,0.3394439392592008,9.37839640571156,0.4929356766582403
firm_01,2019-04-30T00:00:00,1.0,0.0,8.577338160951822,0.3799652088919671,7.558477436067536,-0.6549469811488517
firm_01,2019-05-31T00:00:00,1.0,0.0,8.104858058322197,0.3269515711562598,9.260759820471016,1.1794955753112408
firm_01,2019-06-30T00:00:00,1.0,0.0,8.271646934631221,0.3211883362313717,7.456380545464655,-0.1399329814773284
firm_01,2019-07-31T00:00:00,1.0,1.0,8.815981691558708,0.3702891652175345,11.049357874509065,0.5950098019363489
firm_01,2019-08-31T00:00:00,1.0,1.0,8.101516349515983,0.3509793184759978,10.342442918246832,-0.6561800554480436
firm_01,2019-09-30T00:00:00,1.0,1.0,8.85784585400492,0.3818362862174121,11.262537592174072,0.7061412712946836
firm_01,2019-10-31T00:00:00,1.0,1.0,8.792671020221938,0.3605273457171655,11.70119725543396,0.4815770295623174
firm_01,2019-11-30T00:00:00,1.0,1.0,8.064460477447392,0.3329969027967824,9.277360031260905,0.0886094467057326
firm_01,2019-12-31T00:00:00,1.0,1.0,8.876973601581737,0.35217513077515,11.628291926812045,0.9303322754313468
firm_01,2020-01-31T00:00:00,1.0,1.0,8.901877341579063,0.3782857891619978,12.360307334129743,1.003835684797553
firm_01,2020-02-29T00:00:00,1.0,1.0,8.931373385430325,0.3795130041014929,9.2377928445218,-0.4936059202265462
firm_01,2020-03-31T00:00:00,1.0,1.0,8.397344156616501,0.3861766261365598,8.940164940883983,-1.822247644537588
firm_01,2020-04-30T00:00:00,1.0,1.0,9.10857873102807,0.3570039710292354,11.607059634929575,0.0427383044008028
firm_01,2020-05-31T00:00:00,1.0,1.0,9.257901194260093,0.3352382748220913,11.223761893189494,-0.5106315202940679
firm_01,2020-06-30T00:00:00,1.0,1.0,8.816975075905896,0.4039169624257721,11.718318831539484,-0.4549410625488048
firm_01,2020-07-31T00:00:00,1.0,1.0,9.14003968646622,0.321604647383575,11.406386769797072,-0.4048877514478047
firm_01,2020-08-31T00:00:00,1.0,1.0,8.735493468664819,0.3539809658258729,11.261565722539611,0.2830507629186899
firm_01,2020-09-30T00:00:00,1.0,1.0,9.009277722668912,0.3740937228468459,12.586777208725035,0.560244188700657
firm_01,2020-10-31T00:00:00,1.0,1.0,8.887630480311348,0.3905878130503999,11.733416017288029,-0.2741510015798234
firm_01,2020-11-30T00:00:00,1.0,1.0,8.971398531080787,0.3086786607742719,12.387312331496076,1.3325531863459832
firm_01,2020-12-31T00:00:00,1.0,1.0,9.132615996408283,0.3271687655561218,11.125369038295872,-2.122750782023463
firm_02,2018-01-31T00:00:00,1.0,0.0,7.6784523332182175,0.3749092996323576,6.411755174872011,0.1086065550852694
firm_02,2018-02-28T00:00:00,1.0,0.0,7.906805831794943,0.3094700999420687,6.644755138625797,-0.8896781676631094
firm_02,2018-03-31T00:00:00,1.0,0.0,8.369480921450679,0.4058698623787954,5.992061431013661,0.2024695021721119
firm_02,2018-04-30T00:00:00,1.0,0.0,8.108563987992168,0.3645196686852928,6.23115197396883,0.9110653508447056
firm_02,2018-05-31T00:00:00,1.0,0.0,8.44714089195597,0.3973595212986121,6.81425610816668,0.7495949967864346
firm_02,2018-06-30T00:00:00,1.0,0.0,8.484366713000876,0.3736364858397436,7.519516766002618,-0.3969208895360017
firm_02,2018-07-31T00:00:00,1.0,0.0,8.571090898172793,0.3990079841273075,7.246283980787723,-0.3450551640461843
firm_02,2018-08-31T00:00:00,1.0,0.0,8.218395668889901,0.3789680456762138,7.285941693529445,-0.2986378259729224
firm_02,2018-09-30T00:00:00,1.0,0.0,8.106346649687945,0.3512046319371337,7.29534594588971,0.532658526774869
firm_02,2018-10-31T00:00:00,1.0,0.0,8.292087531242313,0.3036316550859742,6.661007876810496,-1.4470569851148007
firm_02,2018-11-30T00:00:00,1.0,0.0,8.20194290869501,0.4071234534442422,8.149041771538032,0.7746597921181111
firm_02,2018-12-31T00:00:00,1.0,0.0,8.491601799252297,0.3548924561358304,8.09504770180072,-0.5222667947345443
firm_02,2019-01-31T00:00:00,1.0,0.0,8.685263477489976,0.418727933954314,7.844538355683873,-0.1507315332263729
firm_02,2019-02-28T00:00:00,1.0,0.0,8.898825702370424,0.3643074859161836,6.695643153507057,-1.0689240989807716
firm_02,2019-03-31T00:00:00,1.0,0.0,8.706274009305691,0.3280696935023565,8.980610905398022,0.3606323710957977
firm_02,2019-04-30T00:00:00,1.0,0.0,8.358312453812692,0.3228224916859306,9.505529063876915,1.1727083957621327
firm_02,2019-05-31T00:00:00,1.0,0.0,8.417900878371155,0.3300557121308883,7.038893020008027,-0.0566062421617486
firm_02,2019-06-30T00:00:00,1.0,0.0,8.567139254460143,0.3499727967602194,9.55157722252612,-0.4685849748584512
firm_02,2019-07-31T00:00:00,1.0,1.0,8.329975813426062,0.3302775316879359,10.191104598677349,-0.3531139296252131
firm_02,2019-08-31T00:00:00,1.0,1.0,8.980705960513967,0.3394623120733864,10.02309350449186,-0.9310888174022018
firm_02,2019-09-30T00:00:00,1.0,1.0,8.806263679839818,0.3270644125708949,10.659149121038096,0.5057727277568362
firm_02,2019-10-31T00:00:00,1.0,1.0,8.53611179247012,0.3993204896320472,10.399962707690786,0.505566171233019
firm_02,2019-11-30T00:00:00,1.0,1.0,8.768751195395692,0.388701296628411,9.65994184079025,-0.0007100049350738
firm_02,2019-12-31T00:00:00,1.0,1.0,8.348027715702464,0.366032446097459,9.785422893846604,-0.7819223901011685
firm_02,2020-01-31T00:00:00,1.0,1.0,9.008144848434092,0.3941701780828072,11.387236563813396,0.953193089598404
firm_02,2020-02-29T00:00:00,1.0,1.0,8.952702088331998,0.3740083573022064,8.834368353759695,-0.561928875554138
firm_02,2020-03-31T00:00:00,1.0,1.0,8.894618668626963,0.345304646580879,11.631851845587478,0.1679816681852652
firm_02,2020-04-30T00:00:00,1.0,1.0,9.264465297536288,0.3571597966464013,12.094276896873104,0.4150708805431506
firm_02,2020-05-31T00:00:00,1.0,1.0,8.990367927495663,0.2956142153655428,12.384390149486064,1.782206242427734
firm_02,2020-06-30T00:00:00,1.0,1.0,8.951852254261187,0.3172491351331035,10.106020177100245,0.555263512491217
firm_02,2020-07-31T00:00:00,1.0,1.0,8.733956992794738,0.4044847803450193,10.165380135435685,0.3299382494644108
firm_02,2020-08-31T00:00:00,1.0,1.0,8.786339397227986,0.374169131768776,11.7125153310961,0.2434171972028287
firm_02,2020-09-30T00:00:00,1.0,1.0,9.201135003942806,0.4008878933215844,9.448151604212685,-0.7425568000475393
firm_02,2020-10-31T00:00:00,1.0,1.0,9.477574351309649,0.3891069307000034,11.790390909233324,0.9246084531688704
firm_02,2020-11-30T00:00:00,1.0,1.0,9.065723537172206,0.3580850049879535,9.821092841100354,-0.8511069509335373
firm_02,2020-12-31T00:00:00,1.0,1.0,9.49747231484261,0.3597207677100013,13.097725074966386,1.3489704573384187
firm_03,2018-01-31T00:00:00,1.0,0.0,8.543999505118862,0.4545018972601816,7.654225355070376,0.1775421832630201
firm_03,2018-02-28T00:00:00,1.0,0.0,8.485473360856972,0.4233431852801861,5.100573032333041,-2.13982223811087
firm_03,2018-03-31T00:00:00,1.0,0.0,8.219031115809724,0.3966617685671101,6.661993454746506,-0.4192186448657926
firm_03,2018-04-30T00:00:00,1.0,0.0,8.13155995863698,0.3942472592795206,6.269611373319337,-0.2797453096446696
firm_03,2018-05-31T00:00:00,1.0,0.0,8.563015845377855,0.3921944355775049,7.312681901540946,0.3126460137660588
firm_03,2018-06-30T00:00:00,1.0,0.0,8.56198058287479,0.3837143796151454,8.447101160620795,-0.3541005386506109
firm_03,2018-07-31T00:00:00,1.0,0.0,8.395355044385065,0.3335171508602302,8.764760472394544,0.5641032257294134
firm_03,2018-08-31T00:00:00,1.0,0.0,8.468630290504354,0.3609077443253695,7.441917920503619,0.8319148634199376
firm_03,2018-09-30T00:00:00,1.0,0.0,8.642644234342328,0.3568310322691192,9.236654255463533,0.0851579287301145
firm_03,2018-10-31T00:00:00,1.0,0.0,8.21994900533114,0.3581074319481489,10.20572862576155,2.175018528122166
firm_03,2018-11-30T00:00:00,1.0,0.0,8.712424952981321,0.4043623595642316,8.946241699383787,0.4963704437241671
firm_03,2018-12-31T00:00:00,1.0,0.0,9.176992126250768,0.3437155073238511,7.248499154072076,-2.079366682884861
firm_03,2019-01-31T00:00:00,1.0,0.0,8.655177469152392,0.4133928352406036,6.778446477546607,-1.0045211267116207
firm_03,2019-02-28T00:00:00,1.0,0.0,8.047352952818194,0.3545525891352545,7.916598028319472,-0.2053265026839735
firm_03,2019-03-31T00:00:00,1.0,0.0,8.713201159639668,0.4048140580375579,7.5626157526913955,-0.2606615868659625
firm_03,2019-04-30T00:00:00,1.0,0.0,8.789282063587304,0.4326256221401738,8.939616449718738,0.4371824794507005
firm_03,2019-05-31T00:00:00,1.0,0.0,8.475871142014404,0.3695081609494857,9.612980653878305,-0.1518072267706036
firm_03,2019-06-30T00:00:00,1.0,0.0,8.91022683185062,0.354285884044955,9.451754528158222,0.1919923375386762
firm_03,2019-07-31T00:00:00,1.0,1.0,8.628077120346019,0.3139789240073918,8.611978731849641,-0.9349823679263392
firm_03,2019-08-31T00:00:00,1.0,1.0,9.234428356851703,0.2891185725216569,8.204356609838765,-0.7150236152939597
firm_03,2019-09-30T00:00:00,1.0,1.0,8.870973693494244,0.357491067342927,10.961081108884017,0.8106473485921374
firm_03,2019-10-31T00:00:00,1.0,1.0,8.828685864134732,0.307679590267131,10.102457851989278,0.8693303394663916
firm_03,2019-11-30T00:00:00,1.0,1.0,8.87119923061602,0.3318925263451605,9.765039853707725,-0.2969568840481498
firm_03,2019-12-31T00:00:00,1.0,1.0,9.10455471196077,0.3296429903240385,12.037416087506632,0.53023426922112
firm_03,2020-01-31T00:00:00,1.0,1.0,8.954294808505063,0.4161738178420479,11.324969591408577,-0.8590239456873523
firm_03,2020-02-29T00:00:00,1.0,1.0,8.976079252277863,0.3557619703519358,10.137441800798015,0.8000907960917867
firm_03,2020-03-31T00:00:00,1.0,1.0,8.82290124232994,0.394043043193745,8.891260844536129,-1.0701242059849374
firm_03,2020-04-30T00:00:00,1.0,1.0,8.975583948842758,0.3907929558536666,9.921102760957057,0.7032205296137652
firm_03,2020-05-31T00:00:00,1.0,1.0,9.488060589987278,0.367628345690192,10.6124641834188,0.0208049939439862
firm_03,2020-06-30T00:00:00,1.0,1.0,9.368464364737424,0.3718423163679635,10.99880683374369,-1.7631341223284949
firm_03,2020-07-31T00:00:00,1.0,1.0,8.983060507459625,0.3363101856475965,9.540193888942545,-0.8564634936170424
firm_03,2020-08-31T00:00:00,1.0,1.0,9.197399651719495,0.3328931535613846,10.90635802778211,-0.5523660001083175
firm_03,2020-09-30T00:00:00,1.0,1.0,9.006426043595727,0.3845231516873253,13.696518006136104,1.3192129924627458
firm_03,2020-10-31T00:00:00,1.0,1.0,9.323664052952497,0.3617688679372118,12.770246312565328,1.0444510507353366
firm_03,2020-11-30T00:00:00,1.0,1.0,9.33248489294442,0.4130700119853961,11.93755174776521,0.0766857252468474
firm_03,2020-12-31T00:00:00,1.0,1.0,9.462950692719277,0.4275732110340781,12.27138457406336,1.3794534054086538
firm_04,2018-01-31T00:00:00,1.0,0.0,8.056988815106614,0.3558257756649944,6.321108510634144,-0.5777280359978523
firm_04,2018-02-28T00:00:00,1.0,0.0,8.137505053908816,0.418323081924705,6.911677494214687,-0.039326612691281
firm_04,2018-03-31T00:00:00,1.0,0.0,8.2776913191536,0.399842039290957,8.261780368775383,0.0276476160642659
firm_04,2018-04-30T00:00:00,1.0,0.0,8.072984114215686,0.4160712179973014,6.80474500961985,-1.1659199503542117
firm_04,2018-05-31T00:00:00,1.0,0.0,8.213503308362077,0.3730609879042144,7.167470731212698,-0.1628953300500553
firm_04,2018-06-30T00:00:00,1.0,0.0,8.382874516481655,0.3648216703813217,9.080610624775078,0.2375921685720594
firm_04,2018-07-31T00:00:00,1.0,0.0,8.80183349722736,0.353665484649296,8.40345482897959,-0.2004778487520375
firm_04,2018-08-31T00:00:00,1.0,0.0,8.675264582056634,0.3157845315144595,7.47068638008824,-1.1355157080671323
firm_04,2018-09-30T00:00:00,1.0,0.0,8.405465791213182,0.4159283314123875,9.18855399867537,-0.3557836613564969
firm_04,2018-10-31T00:00:00,1.0,0.0,8.841125642547233,0.4173066680363738,8.52856404061283,-0.6011702138334275
firm_04,2018-11-30T00:00:00,1.0,0.0,8.675914876847687,0.3283184795897741,7.748265332904519,0.3670762166518224
firm_04,2018-12-31T00:00:00,1.0,0.0,8.658226970847116,0.3695556591960374,10.355294288822227,0.256027428392681
firm_04,2019-01-31T00:00:00,1.0,0.0,8.52194026072406,0.3682039455157175,9.182145766485595,0.5457363950013254
firm_04,2019-02-28T00:00:00,1.0,0.0,8.58929457583549,0.3354562779637983,10.602149201832322,1.0790314420601628
firm_04,2019-03-31T00:00:00,1.0,0.0,9.164210867509734,0.3482137976286226,10.705401723515909,0.7448416403451346
firm_04,2019-04-30T00:00:00,1.0,0.0,9.05436179644884,0.3309829316405361,10.115929706483238,1.2037881237791015
firm_04,2019-05-31T00:00:00,1.0,0.0,8.639521855685274,0.3621506937816805,9.536981006100872,0.5747886765960911
firm_04,2019-06-30T00:00:00,1.0,0.0,8.498485522466593,0.328328423090242,8.866904744805996,-0.3661250849769253
firm_04,2019-07-31T00:00:00,1.0,1.0,9.228816302689838,0.4353187619011576,10.638582901099438,0.2150550451192979
firm_04,2019-08-31T00:00:00,1.0,1.0,8.594993873804398,0.377402443095404,10.692893967660744,-0.0217419039873146
firm_04,2019-09-30T00:00:00,1.0,1.0,9.006523485391677,0.4070234748280459,10.281542518232856,-1.052266168508796
firm_04,2019-10-31T00:00:00,1.0,1.0,9.135386712240352,0.3954240416828844,13.027952187748216,1.9029733360788228
firm_04,2019-11-30T00:00:00,1.0,1.0,9.144494744390752,0.3901328014901387,10.726838904609597,-0.0821443873725719
firm_04,2019-12-31T00:00:00,1.0,1.0,9.114001612525149,0.3476336582847617,11.572267312007034,0.4687604500463312
firm_04,2020-01-31T00:00:00,1.0,1.0,8.658798441467418,0.4377054342996695,10.93726411740674,-0.4933406338817083
firm_04,2020-02-29T00:00:00,1.0,1.0,9.052932576840345,0.377536315674269,11.753263431128962,0.0898319884451428
firm_04,2020-03-31T00:00:00,1.0,1.0,8.779958939570545,0.3791726824835659,10.785064582676045,-0.4575053926669951
firm_04,2020-04-30T00:00:00,1.0,1.0,9.022762665886328,0.3738720102137652,12.582805607521165,0.2978722043251615
firm_04,2020-05-31T00:00:00,1.0,1.0,8.592893185124751,0.3813004859934923,11.939828926829636,-0.2037135207503891
firm_04,2020-06-30T00:00:00,1.0,1.0,9.590721116574729,0.3591496504267829,10.251552808445274,-2.013286807829269
firm_04,2020-07-31T00:00:00,1.0,1.0,9.026250303386592,0.4259063090090507,10.062436545119256,-0.9330483348241388
firm_04,2020-08-31T00:00:00,1.0,1.0,9.43676626281436,0.3569991739093806,12.655308813004194,0.4715707972219075
firm_04,2020-09-30T00:00:00,1.0,1.0,8.997885312569597,0.369733441855718,11.94308059666782,-0.8880791909983601
firm_04,2020-10-31T00:00:00,1.0,1.0,9.24248047344111,0.3939688559687984,12.0900955403684,-0.0540641282303411
firm_04,2020-11-30T00:00:00,1.0,1.0,9.468566906090814,0.3566078579556788,14.529631639768809,1.1907412262299202
firm_04,2020-12-31T00:00:00,1.0,1.0,9.148520539693006,0.3392794125207297,12.649245229213928,0.1281516929517812
firm_05,2018-01-31T00:00:00,1.0,0.0,8.339995712753472,0.3689911359969696,7.724946767064207,-0.4254411676076073
firm_05,2018-02-28T00:00:00,1.0,0.0,8.19546778317569,0.3830440160509853,7.593600712279549,0.5630723412029409
firm_05,2018-03-31T00:00:00,1.0,0.0,8.284078117363405,0.3795894482162054,7.751465382490802,0.2838960038190319
firm_05,2018-04-30T00:00:00,1.0,0.0,8.418922753069502,0.3470462220450028,5.136172255247349,-1.0399852780948264
firm_05,2018-05-31T00:00:00,1.0,0.0,8.933294724622083,0.3740924996836148,5.844012986238852,-1.170219094893822
firm_05,2018-06-30T00:00:00,1.0,0.0,8.828598985340816,0.4161145058914662,7.670474620043636,1.0419501628852763
firm_05,2018-07-31T00:00:00,1.0,0.0,8.710145299456773,0.416715618462001,8.939649881178084,0.4716084557355333
firm_05,2018-08-31T00:00:00,1.0,0.0,9.14603045500408,0.3634473486799065,8.052216996999539,-0.6833213009080702
firm_05,2018-09-30T00:00:00,1.0,0.0,8.874370209153554,0.3805596312233995,7.439032251764788,0.4857933519964871
firm_05,2018-10-31T00:00:00,1.0,0.0,8.85218019938907,0.3432746039454685,8.762507439498401,-0.2542258719706919
firm_05,2018-11-30T00:00:00,1.0,0.0,8.830623918098775,0.3973378726567246,8.456286653191553,-0.7790195032372484
firm_05,2018-12-31T00:00:00,1.0,0.0,8.7869357139054,0.450804593544768,7.814590009463743,0.7474466417847963
firm_05,2019-01-31T00:00:00,1.0,0.0,8.831365612614956,0.4215023883382233,9.135530498080314,0.4521023593805169
firm_05,2019-02-28T00:00:00,1.0,0.0,9.335947465471111,0.3676486190440942,9.172102789363503,-0.0448240272970159
firm_05,2019-03-31T00:00:00,1.0,0.0,8.920469858904658,0.3464508439429473,10.90297353962728,1.3350995438564834
firm_05,2019-04-30T00:00:00,1.0,0.0,8.96425646220315,0.364989777177624,9.566174454061734,0.7071422611452264
firm_05,2019-05-31T00:00:00,1.0,0.0,8.883219762732137,0.4410327916709932,10.041574857416006,0.1519874995094709
firm_05,2019-06-30T00:00:00,1.0,0.0,8.557033832230882,0.4244437755719859,8.055723831090845,0.129208821255967
firm_05,2019-07-31T00:00:00,1.0,1.0,9.330693033480737,0.4280528487265584,12.53773398501222,1.1317258500525658
firm_05,2019-08-31T00:00:00,1.0,1.0,9.061959237809054,0.4362544413084835,9.270410230315091,-0.2334003253292695
firm_05,2019-09-30T00:00:00,1.0,1.0,9.280618148713597,0.3621229308094447,11.592561071375853,0.5416079751057314
firm_05,2019-10-31T00:00:00,1.0,1.0,9.303251011020466,0.4263058689526451,9.75488873466595,0.4320246833010293
firm_05,2019-11-30T00:00:00,1.0,1.0,9.365295653921995,0.3411638521432282,11.828996078715797,0.5324987352446025
firm_05,2019-12-31T00:00:00,1.0,1.0,9.015139079799402,0.4001007558827945,9.73655833292247,-0.5564836129958686
firm_05,2020-01-31T00:00:00,1.0,1.0,9.273516638811207,0.3890111543666495,12.425933037122784,0.7557698302592751
firm_05,2020-02-29T00:00:00,1.0,1.0,8.845008859400876,0.3519459059814629,11.757818416031723,0.7182288474273237
firm_05,2020-03-31T00:00:00,1.0,1.0,9.366107947282387,0.3452916024624617,11.111046666206164,-0.8533064606066857
firm_05,2020-04-30T00:00:00,1.0,1.0,9.4176832202258,0.4091484575747202,11.051810112214827,0.6511769830181655
firm_05,2020-05-31T00:00:00,1.0,1.0,9.067611557424522,0.4033794997860516,10.018630301714374,-0.2238902477368926
firm_05,2020-06-30T00:00:00,1.0,1.0,9.649588098397553,0.4586769336598303,11.119838061516504,0.3937680867661638
firm_05,2020-07-31T00:00:00,1.0,1.0,9.394287254204446,0.3697134147101274,12.05775202620061,-0.0546595586806815
firm_05,2020-08-31T00:00:00,1.0,1.0,9.525204302494885,0.370425049856581,11.692192061698178,-0.4608711130649466
firm_05,2020-09-30T00:00:00,1.0,1.0,9.023073110460848,0.3882927553519585,11.995570877453734,0.1324270060234623
firm_05,2020-10-31T00:00:00,1.0,1.0,9.466085834469252,0.3808653513746889,10.750916005875292,0.3166049619039314
firm_05,2020-11-30T00:00:00,1.0,1.0,9.582627149554256,0.389700176841194,11.282774769840186,-0.5865099699085579
firm_05,2020-12-31T00:00:00,1.0,1.0,9.301461045750033,0.4122082282465146,11.505191532220165,-0.4880926159666282
firm_06,2018-01-31T00:00:00,1.0,0.0,8.329780230501317,0.2961892438496248,5.724402419545328,-1.5222368824854364
firm_06,2018-02-28T00:00:00,1.0,0.0,8.598605832743196,0.342416731329862,6.332074194014052,-0.5489158732617869
firm_06,2018-03-31T00:00:00,1.0,0.0,8.395329649482155,0.3619907028976806,8.430687143788566,0.3354156807296311
firm_06,2018-04-30T00:00:00,1.0,0.0,8.392294092445518,0.3466885040765667,8.907904137453622,-0.3758883381310098
firm_06,2018-05-31T00:00:00,1.0,0.0,8.81799765410222,0.4170593114225006,7.676947357386942,0.7242323493160726
firm_06,2018-06-30T00:00:00,1.0,0.0,8.19470322548734,0.3450806395993089,7.761252404606076,0.2671985778354838
firm_06,2018-07-31T00:00:00,1.0,0.0,8.565876868919755,0.3241548348867473,6.405415965114701,-0.3857246831916331
firm_06,2018-08-31T00:00:00,1.0,0.0,8.927776864484951,0.3218691925284714,5.980972952040677,-1.2365546624814274
firm_06,2018-09-30T00:00:00,1.0,0.0,9.38519903810466,0.3185934703083964,8.59194219680035,-0.8551752945439606
firm_06,2018-10-31T00:00:00,1.0,0.0,9.0142709621787,0.3247831272564659,7.974993658261911,-1.3906056103124207
firm_06,2018-11-30T00:00:00,1.0,0.0,8.52152125495733,0.3283274151592409,7.065104949552036,-1.1504644102198966
firm_06,2018-12-31T00:00:00,1.0,0.0,8.77328029032029,0.3748524888581012,6.542999500602599,0.8172720131876683
firm_06,2019-01-31T00:00:00,1.0,0.0,9.129275057150574,0.3757273458288815,9.067147930036551,0.1983069571336886
firm_06,2019-02-28T00:00:00,1.0,0.0,8.76566928525658,0.3194527688647157,7.199622817346665,-0.0818187667530861
firm_06,2019-03-31T00:00:00,1.0,0.0,9.199795887491437,0.3183848059899573,9.259470018779176,-0.4475114780592808
firm_06,2019-04-30T00:00:00,1.0,0.0,9.300100456350032,0.3894061834228257,7.734659069441051,-0.8520683692746059
firm_06,2019-05-31T00:00:00,1.0,0.0,8.661378980071413,0.3938592560833899,8.99222960879977,-0.1333354916586309
firm_06,2019-06-30T00:00:00,1.0,0.0,9.498071544755136,0.3813443055982062,8.177904856025274,-1.1193086909994054
firm_06,2019-07-31T00:00:00,1.0,1.0,8.814683939588452,0.3686044007766493,10.671071953801338,-0.8177441211083366
firm_06,2019-08-31T00:00:00,1.0,1.0,8.996296566218339,0.3363682941164797,12.293074893312086,1.0150477579475232
firm_06,2019-09-30T00:00:00,1.0,1.0,9.346789303817062,0.3609590357477222,11.06487344546495,1.6052353745944483
firm_06,2019-10-31T00:00:00,1.0,1.0,8.951853939294285,0.3627542840572191,8.671692524629687,-1.5137047335332787
firm_06,2019-11-30T00:00:00,1.0,1.0,9.7488924451902,0.3644556079005884,10.34505409740799,-0.0477358307883627
firm_06,2019-12-31T00:00:00,1.0,1.0,9.162853097628632,0.3792176684851471,8.590491233692513,-1.74737595308877
firm_06,2020-01-31T00:00:00,1.0,1.0,9.261896315700069,0.3327123103031045,10.7669836772844,-0.2583193926595103
firm_06,2020-02-29T00:00:00,1.0,1.0,9.015485689018863,0.3359604359673582,11.86186443273792,0.5658407260930698
firm_06,2020-03-31T00:00:00,1.0,1.0,9.666684759031549,0.3280999991880367,11.707413608776458,0.387995713333688
firm_06,2020-04-30T00:00:00,1.0,1.0,9.404492624479962,0.2744424126930689,10.445300178114154,0.011530168462446
firm_06,2020-05-31T00:00:00,1.0,1.0,9.457068975790705,0.3225720690549659,11.380284055104283,0.6334915849669186
firm_06,2020-06-30T00:00:00,1.0,1.0,9.75522188033377,0.2602727457321433,11.971549819481137,1.0176246078780988
firm_06,2020-07-31T00:00:00,1.0,1.0,9.641368040538984,0.301434041250825,12.720930422245402,0.3816168208093441
firm_06,2020-08-31T00:00:00,1.0,1.0,9.704267641812743,0.3331002054369619,10.750692070582389,-0.4478846252650699
firm_06,2020-09-30T00:00:00,1.0,1.0,9.519258493712345,0.3544469646975969,12.323257374262996,0.474125857252945
firm_06,2020-10-31T00:00:00,1.0,1.0,9.52122014799519,0.3400046407916779,10.619716858202349,0.5346677629933668
firm_06,2020-11-30T00:00:00,1.0,1.0,9.4740765740617,0.3550840286620073,11.38568072581968,0.1409136101729087
firm_06,2020-12-31T00:00:00,1.0,1.0,9.902980282263147,0.3269881311415412,12.008275886728724,0.4087974341487355
firm_07,2018-01-31T00:00:00,1.0,0.0,8.85023394441642,0.3257400924124007,7.1448649305769845,-0.4905451386822962
firm_07,2018-02-28T00:00:00,1.0,0.0,8.70216794985398,0.3574994955568474,9.29010087425287,0.9718820190867136
firm_07,2018-03-31T00:00:00,1.0,0.0,8.487392861833454,0.35948043676451,7.393207955073566,0.1336790710789039
firm_07,2018-04-30T00:00:00,1.0,0.0,8.767241406640656,0.3553981147085976,6.628189821040276,0.003899462697075
firm_07,2018-05-31T00:00:00,1.0,0.0,8.683083529418386,0.3803023097197157,7.073311061652984,1.1483362142604308
firm_07,2018-06-30T00:00:00,1.0,0.0,8.946676006033105,0.3768946754251356,7.753831185749102,-0.4278794086287845
firm_07,2018-07-31T00:00:00,1.0,0.0,8.860047229924895,0.3371097963496214,8.872983424524383,0.6497538422362166
firm_07,2018-08-31T00:00:00,1.0,0.0,8.42277875715457,0.3694161984398673,8.834127171592133,-0.8186208100738364
firm_07,2018-09-30T00:00:00,1.0,0.0,9.070592649039188,0.3759095702743789,8.480537419224687,0.3448741798425015
firm_07,2018-10-31T00:00:00,1.0,0.0,8.436986120319354,0.3791291754546845,9.2225299449618,0.934507399998908
firm_07,2018-11-30T00:00:00,1.0,0.0,8.913662933003796,0.3172935794919006,8.466597483348872,-0.4112256097127714
firm_07,2018-12-31T00:00:00,1.0,0.0,8.63008919856648,0.3453780628407381,6.987411132755873,-0.9260014354123598
firm_07,2019-01-31T00:00:00,1.0,0.0,9.084448440051458,0.3844296521351648,9.550965789686558,-0.0773578455183894
firm_07,2019-02-28T00:00:00,1.0,0.0,9.095909019882711,0.4103487461280852,7.3270377696212865,-0.108947820988478
firm_07,2019-03-31T00:00:00,1.0,0.0,9.265623473749098,0.3900285516307842,8.986213171869593,0.065763309729034
firm_07,2019-04-30T00:00:00,1.0,0.0,9.155128693783922,0.4003844162701697,8.711053028082812,-0.485462458125577
firm_07,2019-05-31T00:00:00,1.0,0.0,8.986753465502247,0.3537537991202967,9.4958870288338,-0.2496688945054064
firm_07,2019-06-30T00:00:00,1.0,0.0,9.22281911086066,0.3328187838610097,7.937454390153121,-0.5847542173221776
firm_07,2019-07-31T00:00:00,1.0,1.0,9.180206960039984,0.3635448907021209,9.845447178446332,0.4509490149117126
firm_07,2019-08-31T00:00:00,1.0,1.0,9.64980981780382,0.3544823259934457,11.033474634511917,-0.470373856874396
firm_07,2019-09-30T00:00:00,1.0,1.0,9.505225136883782,0.3135722668723685,9.816644244556576,-1.1399643025788668
firm_07,2019-10-31T00:00:00,1.0,1.0,9.414408446165629,0.3769240256457147,11.466382091844986,0.0855136843081863
firm_07,2019-11-30T00:00:00,1.0,1.0,9.5694487638562,0.3506413458369021,12.487022189417583,1.35285939047864
firm_07,2019-12-31T00:00:00,1.0,1.0,9.34048571230896,0.3531961830859776,11.900463129046477,-0.3711209315485965
firm_07,2020-01-31T00:00:00,1.0,1.0,9.20228001882899,0.3700119977765302,11.4900699099867,0.0488918322977874
firm_07,2020-02-29T00:00:00,1.0,1.0,9.503102891723676,0.3387456135084336,11.670655262892527,-0.8820087720997538
firm_07,2020-03-31T00:00:00,1.0,1.0,9.630256074809422,0.3838251983793744,14.03056773573968,2.238685913177297
firm_07,2020-04-30T00:00:00,1.0,1.0,9.234049944960374,0.3614379132889075,10.70510420624388,-0.4448619308373756
firm_07,2020-05-31T00:00:00,1.0,1.0,9.844864841081955,0.3477589500205336,13.137705000312287,0.0858089900329273
firm_07,2020-06-30T00:00:00,1.0,1.0,9.923789027833452,0.371056719933348,13.014801440848547,0.5592602509486254
firm_07,2020-07-31T00:00:00,1.0,1.0,9.802583888727868,0.344835193856365,13.840204654834734,1.2770426214864168
firm_07,2020-08-31T00:00:00,1.0,1.0,9.670199008348188,0.3323693697147861,11.790212841395173,0.0334018593969712
firm_07,2020-09-30T00:00:00,1.0,1.0,9.517069087499731,0.3460515315093919,11.916617090167216,0.3429545048583323
firm_07,2020-10-31T00:00:00,1.0,1.0,9.960074544971738,0.3695781010788515,11.40380125161295,0.3053070993274843
firm_07,2020-11-30T00:00:00,1.0,1.0,10.248629283890477,0.4178900960717323,12.448765453556756,-0.5247631948858749
firm_07,2020-12-31T00:00:00,1.0,1.0,9.572214969572338,0.3479301461035844,13.833038641424071,0.6236152848880372
firm_08,2018-01-31T00:00:00,1.0,0.0,8.616623605828323,0.3668448715648423,6.262813773211797,0.5523477916708538
firm_08,2018-02-28T00:00:00,1.0,0.0,9.36144157210929,0.3661038146595711,7.3164310473260015,-0.1280556264660329
firm_08,2018-03-31T00:00:00,1.0,0.0,9.184415264365503,0.3707624998934363,7.226447691668578,-0.2150794149062137
firm_08,2018-04-30T00:00:00,1.0,0.0,8.542577761233387,0.3948835505914294,6.8067442257832775,-0.674092653467861
firm_08,2018-05-31T00:00:00,1.0,0.0,8.787282983298033,0.366484356495093,7.880727387734012,0.1521193257232033
firm_08,2018-06-30T00:00:00,1.0,0.0,8.919194684339825,0.3588008467583583,7.466999177179462,-0.2682597800562693
firm_08,2018-07-31T00:00:00,1.0,0.0,8.826909917127097,0.3803073797055689,7.068865806544105,-0.0030981114108564
firm_08,2018-08-31T00:00:00,1.0,0.0,8.695410777707165,0.3475625882252643,6.030837689673284,-0.7996233603638588
firm_08,2018-09-30T00:00:00,1.0,0.0,8.907511925171848,0.3638309440772194,6.976561666175516,-0.2776279950806701
firm_08,2018-10-31T00:00:00,1.0,0.0,9.076112857288171,0.3607144148983386,6.418924292776902,-0.6409915119391971
firm_08,2018-11-30T00:00:00,1.0,0.0,8.94586343039403,0.3591034660704088,7.436562517254258,0.9985580723121544
firm_08,2018-12-31T00:00:00,1.0,0.0,9.05249536680622,0.3915967328261115,8.723291769915036,0.9221204149639308
firm_08,2019-01-31T00:00:00,1.0,0.0,8.802245425252604,0.3255701131331844,9.513412866082664,1.0015610147624918
firm_08,2019-02-28T00:00:00,1.0,0.0,9.6955033643656,0.3968282626944371,8.735607852217353,-0.7202189901506878
firm_08,2019-03-31T00:00:00,1.0,0.0,9.261571528554084,0.43073964622957,8.786339576278031,0.7703115201412208
firm_08,2019-04-30T00:00:00,1.0,0.0,9.3566374549649,0.3826384229346582,7.430979599333085,0.08548385037034
firm_08,2019-05-31T00:00:00,1.0,0.0,9.491580725111335,0.3686514894769064,8.081470737266226,0.3690097945540582
firm_08,2019-06-30T00:00:00,1.0,0.0,9.659656976860898,0.3622054076311848,8.728668116069587,-0.1973935486065424
firm_08,2019-07-31T00:00:00,1.0,1.0,9.723810576979004,0.3328091783103873,10.25351455029663,0.4910740305681734
firm_08,2019-08-31T00:00:00,1.0,1.0,9.18103475223582,0.3713799279297522,10.661533940101275,1.5572017324700052
firm_08,2019-09-30T00:00:00,1.0,1.0,9.43540684477852,0.3462496244945316,9.37998804443924,-0.3676505585268002
firm_08,2019-10-31T00:00:00,1.0,1.0,9.439281682019711,0.3727630157543657,9.734299341391784,-0.1082314923555609
firm_08,2019-11-30T00:00:00,1.0,1.0,9.452273370729044,0.3965355779892499,10.73677928028011,0.1014014405577971
firm_08,2019-12-31T00:00:00,1.0,1.0,9.456597877207022,0.3553173908838191,11.532829557412205,0.7237423546338342
firm_08,2020-01-31T00:00:00,1.0,1.0,9.812048043553906,0.4388206636470999,10.96177101914871,-1.6993424803281278
firm_08,2020-02-29T00:00:00,1.0,1.0,9.394256685346592,0.3995878765577335,10.050983757567508,-0.4131124892766139
firm_08,2020-03-31T00:00:00,1.0,1.0,9.834060640593668,0.3630197271429109,11.18294125774386,0.8312824543393924
firm_08,2020-04-30T00:00:00,1.0,1.0,9.419169053644143,0.460847409633519,10.325014042491189,-1.6168522958541485
firm_08,2020-05-31T00:00:00,1.0,1.0,9.988365823516055,0.3951599164363781,13.359171177496895,1.0691615598165554
firm_08,2020-06-30T00:00:00,1.0,1.0,10.061431959856012,0.3724022397637346,11.85886253703942,-0.4517791758121583
firm_08,2020-07-31T00:00:00,1.0,1.0,9.557821695870365,0.3998954333075505,10.72914634319046,-0.6003671913890245
firm_08,2020-08-31T00:00:00,1.0,1.0,9.83994451526965,0.3306329735963595,10.791973466479137,-0.3030643513759875
firm_08,2020-09-30T00:00:00,1.0,1.0,9.816008104783206,0.4029593512042776,13.06840645720581,1.0182159058238331
firm_08,2020-10-31T00:00:00,1.0,1.0,9.70707659128097,0.3941394365401967,12.825083006504183,0.6464605427501139
firm_08,2020-11-30T00:00:00,1.0,1.0,9.74543053637575,0.35570264733356,12.75382018799513,0.8154417492205273
firm_08,2020-12-31T00:00:00,1.0,1.0,9.94197989111749,0.3942016912123345,11.437365034476002,0.8728275438120993
firm_09,2018-01-31T00:00:00,1.0,0.0,9.244388917062434,0.3894483391268402,6.908644749203185,-1.3321670533752634
firm_09,2018-02-28T00:00:00,1.0,0.0,8.590171098123509,0.3948645696663714,7.685669961367384,-0.3684384632465797
firm_09,2018-03-31T00:00:00,1.0,0.0,9.080203591272504,0.4062645873705547,8.04666759541436,-0.4905494695310767
firm_09,2018-04-30T00:00:00,1.0,0.0,8.707023948144496,0.3778616301879691,10.626382208970623,2.084309009737068
firm_09,2018-05-31T00:00:00,1.0,0.0,8.718460647802544,0.3871748356213302,7.753554200724791,1.2552525842707003
firm_09,2018-06-30T00:00:00,1.0,0.0,8.981515050968946,0.3812805629901606,8.626585705560066,0.4113932603362591
firm_09,2018-07-31T00:00:00,1.0,0.0,8.923627045308319,0.4133579987546714,9.675938696133612,0.4593136916806662
firm_09,2018-08-31T00:00:00,1.0,0.0,9.006381957070172,0.4092967646135891,8.202049798215768,-0.6133306929702156
firm_09,2018-09-30T00:00:00,1.0,0.0,8.9733374587761,0.3907477717145285,9.234576081233682,0.8383970472789963
firm_09,2018-10-31T00:00:00,1.0,0.0,9.502256909145974,0.3732033576850887,8.454154413333669,-0.3200371589820445
firm_09,2018-11-30T00:00:00,1.0,0.0,9.47751138313739,0.3976455533313627,8.06073069071916,-0.3218329745022335
firm_09,2018-12-31T00:00:00,1.0,0.0,9.522513373479288,0.4708691649202774,9.082444618659704,-1.4869585986182048
firm_09,2019-01-31T00:00:00,1.0,0.0,9.14780263244171,0.3597648043224754,9.075887897503684,-1.2619816222187257
firm_09,2019-02-28T00:00:00,1.0,0.0,9.498944850920692,0.3179822699898714,9.710989096502884,-0.4965376816209238
firm_09,2019-03-31T00:00:00,1.0,0.0,9.398353523045405,0.3977453202768516,9.396183384144354,-0.1314051257885101
firm_09,2019-04-30T00:00:00,1.0,0.0,9.368016551813351,0.3827960988232272,9.033068760274974,-0.6251606601757387
firm_09,2019-05-31T00:00:00,1.0,0.0,9.647634892547106,0.3709065566775058,8.25606815441767,-1.084409391379615
firm_09,2019-06-30T00:00:00,1.0,0.0,9.525685076752517,0.3682062128930604,10.493279394108551,-0.831052071921343
firm_09,2019-07-31T00:00:00,1.0,1.0,9.460750002782495,0.3507542981700395,11.342126354895958,1.1375614245271712
firm_09,2019-08-31T00:00:00,1.0,1.0,9.723602375018809,0.3780184237601932,10.9878666173622,-0.6980420567265441
firm_09,2019-09-30T00:00:00,1.0,1.0,9.326904861874413,0.3668318943610947,11.137129927839853,0.1590813856625312
firm_09,2019-10-31T00:00:00,1.0,1.0,9.40722622690779,0.3753219948687472,12.138625087115557,0.1796879529168792
firm_09,2019-11-30T00:00:00,1.0,1.0,9.472303130890673,0.3739512446429969,13.041431033998382,0.3725641805271997
firm_09,2019-12-31T00:00:00,1.0,1.0,9.785234227560784,0.4466115784576607,12.351122503712556,0.8314888498908589
firm_09,2020-01-31T00:00:00,1.0,1.0,9.440830673326186,0.4102362785597053,10.700153651953496,-0.3602796130115957
firm_09,2020-02-29T00:00:00,1.0,1.0,9.756687196644872,0.4041568679362607,12.291774842770636,0.152417299708076
firm_09,2020-03-31T00:00:00,1.0,1.0,9.76772857485835,0.3543880563878138,12.148232255570464,-0.1785783730945293
firm_09,2020-04-30T00:00:00,1.0,1.0,9.938942396677136,0.3786240407439412,13.143341783693684,0.754439435321318
firm_09,2020-05-31T00:00:00,1.0,1.0,9.708574222305414,0.3801960246391817,12.46296441010573,0.5789396516287497
firm_09,2020-06-30T00:00:00,1.0,1.0,9.78510890716548,0.4078819601095428,12.345054597085715,-0.3435653497511125
firm_09,2020-07-31T00:00:00,1.0,1.0,9.586251443409871,0.3918448277641602,13.176222857245827,0.8579367993117721
firm_09,2020-08-31T00:00:00,1.0,1.0,9.813653853291235,0.411284261189033,12.9175215157888,1.1710260826951815
firm_09,2020-09-30T00:00:00,1.0,1.0,9.594576281078176,0.361884041437316,13.860927811173662,0.5708404567555395
firm_09,2020-10-31T00:00:00,1.0,1.0,9.794839223363788,0.408140290749881,12.201374262969976,0.2102777935334667
firm_09,2020-11-30T00:00:00,1.0,1.0,9.99994340896636,0.3534379335141556,14.2626578843086,0.5444933138634014
firm_09,2020-12-31T00:00:00,1.0,1.0,9.979827791364864,0.3768377478796363,12.867424306899066,-1.6746924652012554
firm_10,2018-01-31T00:00:00,0.0,0.0,8.945879038803971,0.4036686126249466,7.349019978402361,1.4570219968851754
firm_10,2018-02-28T00:00:00,0.0,0.0,8.803022061989996,0.3717787604555301,6.821809267157367,0.3334392866023476
firm_10,2018-03-31T00:00:00,0.0,0.0,9.28518332154903,0.4357719868959622,7.419513580499133,0.9111006642706192
firm_10,2018-04-30T00:00:00,0.0,0.0,9.181392091417312,0.3589455540729522,7.643169722053225,-0.0489071457593789
firm_10,2018-05-31T00:00:00,0.0,0.0,9.019532844650712,0.446556035474653,8.459675814002747,1.4417055554676224
firm_10,2018-06-30T00:00:00,0.0,0.0,9.211196098115677,0.4271613523815992,7.952331220567064,-0.9635044910335664
firm_10,2018-07-31T00:00:00,0.0,0.0,9.123746981779066,0.3930092933119618,8.410345979675515,0.3253267817162815
firm_10,2018-08-31T00:00:00,0.0,0.0,8.741715808933597,0.4050353427523303,6.770334313455492,-0.8077087302577969
firm_10,2018-09-30T00:00:00,0.0,0.0,9.270976079200675,0.3840307294680463,9.042030843768694,0.4422000830638704
firm_10,2018-10-31T00:00:00,0.0,0.0,8.93074930319448,0.3903374147794421,7.955349932782528,-1.038242316484392
firm_10,2018-11-30T00:00:00,0.0,0.0,9.167400693367368,0.4144038632311168,8.732674043757978,-1.0511320354645957
firm_10,2018-12-31T00:00:00,0.0,0.0,9.210668044728864,0.3923681463948681,10.257867683566392,0.9441934573132844
firm_10,2019-01-31T00:00:00,0.0,0.0,9.146400849785936,0.4065463347048463,7.113971584791734,-0.2775163144839241
firm_10,2019-02-28T00:00:00,0.0,0.0,9.472406193320866,0.3831501681828035,8.011288004731671,-0.2570458076547116
firm_10,2019-03-31T00:00:00,0.0,0.0,9.155058169217725,0.4207705260024938,7.456349124303279,-1.1978163985377153
firm_10,2019-04-30T00:00:00,0.0,0.0,9.731039797070766,0.4148288389131551,8.42884341039821,0.2122967893162038
firm_10,2019-05-31T00:00:00,0.0,0.0,9.29451285884432,0.3879899324629123,8.916333378997782,0.5902322386786261
firm_10,2019-06-30T00:00:00,0.0,0.0,9.591067980613191,0.3980326124946396,9.995308933157222,0.9474673985700462
firm_10,2019-07-31T00:00:00,0.0,1.0,9.650728090030206,0.4025321471939813,8.00712889097306,-0.5817497324198223
firm_10,2019-08-31T00:00:00,0.0,1.0,9.55835496233761,0.3389216405124463,9.642382320046252,0.3028186811147647
firm_10,2019-09-30T00:00:00,0.0,1.0,9.621204465055149,0.430054729567531,8.213417442009565,-0.145674521271318
firm_10,2019-10-31T00:00:00,0.0,1.0,9.931610762304242,0.3772067565965529,9.415298167878513,1.420595420975429
firm_10,2019-11-30T00:00:00,0.0,1.0,9.997249759827133,0.3580658848454089,10.15848405770637,-0.3328931789955623
firm_10,2019-12-31T00:00:00,0.0,1.0,9.706356423449773,0.4016055953483981,10.086107887415515,0.8371518079116869
firm_10,2020-01-31T00:00:00,0.0,1.0,9.655792940673516,0.3956774163161496,8.244699004518319,-0.4637867127437185
firm_10,2020-02-29T00:00:00,0.0,1.0,9.451361880443065,0.411538451074433,10.071298736504431,-0.1699530319429942
firm_10,2020-03-31T00:00:00,0.0,1.0,9.480925545639364,0.3667784899725443,9.765942790540915,0.2012193919904966
firm_10,2020-04-30T00:00:00,0.0,1.0,9.96684576388591,0.3658531257493924,10.160593363947326,0.0092568955840667
firm_10,2020-05-31T00:00:00,0.0,1.0,10.215190698093874,0.417932011807394,11.625834540031024,1.0294578990293952
firm_10,2020-06-30T00:00:00,0.0,1.0,10.065254092326862,0.4160081011244423,9.633575176081852,-0.2555075461063917
firm_10,2020-07-31T00:00:00,0.0,1.0,9.728274356403082,0.4474941284677343,8.564177105756249,-0.6771134130719574
firm_10,2020-08-31T00:00:00,0.0,1.0,10.085276643261423,0.3291391152734805,10.749362816044782,0.3282626674949113
firm_10,2020-09-30T00:00:00,0.0,1.0,9.939377006218477,0.3781867748686616,11.713652561471587,-0.1164840445626564
firm_10,2020-10-31T00:00:00,0.0,1.0,10.10389472116186,0.3330923564348471,10.756844140580482,-0.5732473803517739
firm_10,2020-11-30T00:00:00,0.0,1.0,10.323302606605711,0.4137184884878823,11.74813312154796,0.1010618201679743
firm_10,2020-12-31T00:00:00,0.0,1.0,10.077312889277696,0.3906307553428714,10.454337878305417,-0.0244923342461154
firm_11,2018-01-31T00:00:00,0.0,0.0,9.350962665844904,0.3397462926268674,7.676585672069947,-0.1260503597088602
firm_11,2018-02-28T00:00:00,0.0,0.0,9.21684540782169,0.3467877363468891,5.894646176473405,-1.9128218774374504
firm_11,2018-03-31T00:00:00,0.0,0.0,9.393473142172615,0.3758867065319821,7.058405721785055,0.077336678792273
firm_11,2018-04-30T00:00:00,0.0,0.0,9.313210806538086,0.368250420203806,9.034789656619877,0.5858638276530003
firm_11,2018-05-31T00:00:00,0.0,0.0,8.900772804636844,0.3408493091507898,8.040783201581572,-0.2831840218012881
firm_11,2018-06-30T00:00:00,0.0,0.0,9.386491294118107,0.3212778441582842,9.137641085287951,0.659098915407167
firm_11,2018-07-31T00:00:00,0.0,0.0,9.094534934809095,0.3890704282270082,7.793163918480918,0.0413035237415451
firm_11,2018-08-31T00:00:00,0.0,0.0,9.374300364250944,0.3322945372132102,7.434030591404675,-0.6681536173905531
firm_11,2018-09-30T00:00:00,0.0,0.0,9.516831834385169,0.3243189031015431,7.75205278708141,-0.10410538700387
firm_11,2018-10-31T00:00:00,0.0,0.0,9.480003936343651,0.3559140551914077,8.32339238839289,0.6247243446675299
firm_11,2018-11-30T00:00:00,0.0,0.0,9.674730342570903,0.347904780887793,8.096107125141248,0.3811721188351688
firm_11,2018-12-31T00:00:00,0.0,0.0,9.620847088162716,0.3630705293134049,7.970921459382716,-1.9690236575827544
firm_11,2019-01-31T00:00:00,0.0,0.0,9.567406050120937,0.3233981830785581,7.110501481801213,-1.0000405427236023
firm_11,2019-02-28T00:00:00,0.0,0.0,9.550249991788366,0.3754407694016444,8.8705157994013,-0.1637423212078987
firm_11,2019-03-31T00:00:00,0.0,0.0,9.407445563269494,0.3447293988125564,8.69538756539863,0.2557860882317828
firm_11,2019-04-30T00:00:00,0.0,0.0,9.70700161970646,0.353935158871096,10.004901003701702,0.0357895787588279
firm_11,2019-05-31T00:00:00,0.0,0.0,10.139475284701644,0.3812810948672811,9.346872822082013,0.7165421474040837
firm_11,2019-06-30T00:00:00,0.0,0.0,9.872779549028875,0.3381209930140978,7.964098972943028,0.0429162866859757
firm_11,2019-07-31T00:00:00,0.0,1.0,9.370451057623804,0.3249399360289588,9.38845757716382,0.5668057239367346
firm_11,2019-08-31T00:00:00,0.0,1.0,9.954399351071316,0.3584868779940158,7.729476809576188,-0.6185363466616088
firm_11,2019-09-30T00:00:00,0.0,1.0,9.461268052593592,0.3401565414741474,9.21515015961334,0.9407482650235256
firm_11,2019-10-31T00:00:00,0.0,1.0,9.660285968320435,0.3409543435974222,10.350585815472822,-0.9476462423308322
firm_11,2019-11-30T00:00:00,0.0,1.0,9.93203775913208,0.3210300259411868,10.79296891586896,1.111597528693992
firm_11,2019-12-31T00:00:00,0.0,1.0,9.864660986044836,0.3542683448931334,10.551660738743957,1.89336725285844
firm_11,2020-01-31T00:00:00,0.0,1.0,9.554284491659162,0.3196355692499376,8.94545040623929,-0.3332611180976796
firm_11,2020-02-29T00:00:00,0.0,1.0,9.681571469457124,0.324688569844362,11.079514172646707,1.1693716867445878
firm_11,2020-03-31T00:00:00,0.0,1.0,9.945267908253372,0.3469314889128444,10.349744194678252,0.4705105265509709
firm_11,2020-04-30T00:00:00,0.0,1.0,9.782706250215796,0.3967504878221337,8.810428049720722,-0.7051005182344319
firm_11,2020-05-31T00:00:00,0.0,1.0,9.804767005577094,0.3255204117770188,10.395715860003468,-1.2220748240430146
firm_11,2020-06-30T00:00:00,0.0,1.0,9.85316241390662,0.3249762904601638,10.716504598879578,1.422172463873239
firm_11,2020-07-31T00:00:00,0.0,1.0,10.01438165166066,0.3622662410923579,9.90107685884544,0.0739485085786141
firm_11,2020-08-31T00:00:00,0.0,1.0,9.731978723929265,0.3777029531045568,9.269678228510948,-1.4452067080097812
firm_11,2020-09-30T00:00:00,0.0,1.0,10.35431238691394,0.3705715649448272,12.306944707339936,0.8214337131247285
firm_11,2020-10-31T00:00:00,0.0,1.0,9.994440790129936,0.367978796875457,10.010311595727552,-0.0477662259435137
firm_11,2020-11-30T00:00:00,0.0,1.0,10.079646061511648,0.3417438634263601,10.683386963946935,0.441370828529448
firm_11,2020-12-31T00:00:00,0.0,1.0,10.314583752488089,0.333121599563538,12.05336330970413,0.2682931724633265
firm_12,2018-01-31T00:00:00,0.0,0.0,9.021210907909223,0.4085041320583862,8.326224881671816,-0.8284653012315639
firm_12,2018-02-28T00:00:00,0.0,0.0,9.668712461768695,0.3579899484977303,7.918523788808186,-1.384301874069585
firm_12,2018-03-31T00:00:00,0.0,0.0,9.331099233148793,0.4332948756448499,8.891281653390905,-0.2899946972217078
firm_12,2018-04-30T00:00:00,0.0,0.0,9.67069606176315,0.3507457387880848,10.19373849605891,0.5434060703817392
firm_12,2018-05-31T00:00:00,0.0,0.0,9.492182457087186,0.3967633911629769,8.080595296220956,-1.5802198879635234
firm_12,2018-06-30T00:00:00,0.0,0.0,9.587795396907088,0.3336036544331067,9.783054594396877,0.2047327574672969
firm_12,2018-07-31T00:00:00,0.0,0.0,9.792038855860536,0.3575331183901519,9.21104339607498,0.557580289155113
firm_12,2018-08-31T00:00:00,0.0,0.0,9.56875610998064,0.3594582048264306,8.97423615438711,-0.2309046942034195
firm_12,2018-09-30T00:00:00,0.0,0.0,9.552227530501831,0.3576996018784225,10.279683588581875,-0.0930667781183674
firm_12,2018-10-31T00:00:00,0.0,0.0,9.239333716454928,0.3618306984040129,9.187983217163524,-0.7916810197373849
firm_12,2018-11-30T00:00:00,0.0,0.0,9.57026520615181,0.3568220289277197,9.582740233105332,-1.7900756782458829
firm_12,2018-12-31T00:00:00,0.0,0.0,9.541784228313077,0.3401973149230008,10.201555612542842,-0.4654124297613362
firm_12,2019-01-31T00:00:00,0.0,0.0,9.792075692467582,0.4214839689505834,10.125075474379308,-0.0879074646163751
firm_12,2019-02-28T00:00:00,0.0,0.0,10.00013757663049,0.366106746761165,9.415753500516558,0.6555075592425839
firm_12,2019-03-31T00:00:00,0.0,0.0,9.595558111090476,0.4014165493944584,9.854156836746716,-1.2227843017483797
firm_12,2019-04-30T00:00:00,0.0,0.0,9.885483743415282,0.4245755586336729,10.322286004617723,-0.0687330942432764
firm_12,2019-05-31T00:00:00,0.0,0.0,9.610239055545698,0.3363674329422542,11.01898076127388,0.4619632504761769
firm_12,2019-06-30T00:00:00,0.0,0.0,9.91345927588408,0.3762521206179184,11.67301583055566,-0.0004196948023349
firm_12,2019-07-31T00:00:00,0.0,1.0,9.875421930728626,0.3075335117946847,8.819562960647955,-1.39795386337775
firm_12,2019-08-31T00:00:00,0.0,1.0,9.78470668691314,0.3424706127851755,9.506071640565072,-0.2976827837633105
firm_12,2019-09-30T00:00:00,0.0,1.0,10.029250911806496,0.3537731390590966,10.98734240498039,0.1607597330452371
firm_12,2019-10-31T00:00:00,0.0,1.0,9.74488793119805,0.3839219810198332,10.430981149335349,0.4191803036352022
firm_12,2019-11-30T00:00:00,0.0,1.0,10.00078318338566,0.3554789475655469,10.673579178902312,-1.107654727996395
firm_12,2019-12-31T00:00:00,0.0,1.0,9.956773272969318,0.3608475051611946,11.57458601271225,0.3718434190081583
firm_12,2020-01-31T00:00:00,0.0,1.0,9.854214239988062,0.3282037413522344,10.363442232148197,-0.0501684884547393
firm_12,2020-02-29T00:00:00,0.0,1.0,10.207506835692016,0.3356194180877638,11.408015326849345,-0.5078617686880479
firm_12,2020-03-31T00:00:00,0.0,1.0,10.593271329855076,0.368301018098754,10.653379300028549,-0.6974380245349778
firm_12,2020-04-30T00:00:00,0.0,1.0,10.255859164032676,0.3746178949698524,11.496096433998895,1.2143492695755866
firm_12,2020-05-31T00:00:00,0.0,1.0,10.23765211279061,0.4137337547658187,12.483212607357242,1.0816589141126942
firm_12,2020-06-30T00:00:00,0.0,1.0,10.440763796583438,0.3649573370959406,12.3300665888519,1.240377184733706
firm_12,2020-07-31T00:00:00,0.0,1.0,10.467564271090282,0.3589157816110296,12.81092429949603,0.7561448631179752
firm_12,2020-08-31T00:00:00,0.0,1.0,10.249183823559084,0.3331083446859252,11.60902853675775,0.16630189639274
firm_12,2020-09-30T00:00:00,0.0,1.0,10.306046068757636,0.3929185942088969,11.71144957000121,0.1983758564487324
firm_12,2020-10-31T00:00:00,0.0,1.0,10.146252036191616,0.3882745182266012,12.492055746124766,-0.3464656858896904
firm_12,2020-11-30T00:00:00,0.0,1.0,10.59748105724297,0.4253632943855409,12.46704952909472,0.6733435153785439
firm_12,2020-12-31T00:00:00,0.0,1.0,10.270809420106229,0.3563958002918242,11.029703128521671,-0.8726076229574369
firm_13,2018-01-31T00:00:00,0.0,0.0,9.69163555964676,0.3737460394913227,7.57532047913222,-0.1608023393589838
firm_13,2018-02-28T00:00:00,0.0,0.0,9.610174507169,0.3756886980592414,8.671856282480185,0.2629196506134098
firm_13,2018-03-31T00:00:00,0.0,0.0,9.598389264274717,0.3237571673838922,8.67401119676489,0.7925811610913827
firm_13,2018-04-30T00:00:00,0.0,0.0,9.596574883480178,0.3635216131674388,9.214838661965262,-1.0722236029930858
firm_13,2018-05-31T00:00:00,0.0,0.0,9.290364816818563,0.3575512392182462,9.825076004166698,1.370230112515349
firm_13,2018-06-30T00:00:00,0.0,0.0,9.49198814423162,0.4066957592313759,7.920996280881568,-0.7304449664082716
firm_13,2018-07-31T00:00:00,0.0,0.0,9.34948204276042,0.3935656571249881,7.653299523287624,-1.4364457330730604
firm_13,2018-08-31T00:00:00,0.0,0.0,9.563884308835624,0.3390087116276937,9.516350252536675,0.2491373180252379
firm_13,2018-09-30T00:00:00,0.0,0.0,9.433057253072503,0.3257536294124378,9.703452052467002,0.8714291006572022
firm_13,2018-10-31T00:00:00,0.0,0.0,9.438062281875082,0.3492652467036025,10.121658645303803,2.3842795776923587
firm_13,2018-11-30T00:00:00,0.0,0.0,9.973757565396236,0.4054366996938558,10.429194555147005,2.712189695300858
firm_13,2018-12-31T00:00:00,0.0,0.0,9.92200052789566,0.3896627019124482,9.78931029362262,-0.4653058447894206
firm_13,2019-01-31T00:00:00,0.0,0.0,9.924877414338663,0.3623502792022541,8.074095131864539,-2.7851612520887707
firm_13,2019-02-28T00:00:00,0.0,0.0,9.948395214964162,0.4053376895639615,11.385815321853718,1.055513268439954
firm_13,2019-03-31T00:00:00,0.0,0.0,9.822692515674468,0.3511524988638819,9.219377589213057,0.2274579530554709
firm_13,2019-04-30T00:00:00,0.0,0.0,10.08336811980302,0.3822194380862979,11.15604406176726,1.0636735533040722
firm_13,2019-05-31T00:00:00,0.0,0.0,10.437498209544804,0.4069585461098539,11.192247371412543,1.3754933905866444
firm_13,2019-06-30T00:00:00,0.0,0.0,9.810426093189143,0.372186493140934,9.898664424347434,0.9465486729548204
firm_13,2019-07-31T00:00:00,0.0,1.0,10.126351230336518,0.4093561099776948,11.156568560145551,0.799625044436977
firm_13,2019-08-31T00:00:00,0.0,1.0,10.742325445734156,0.4030760370142049,9.844377445880536,-0.0300264488278016
firm_13,2019-09-30T00:00:00,0.0,1.0,9.805822482716932,0.3929043539189721,11.554397168022255,0.3439433769136659
firm_13,2019-10-31T00:00:00,0.0,1.0,9.651548623027196,0.3866464330552763,11.027232041023703,0.8428338810023384
firm_13,2019-11-30T00:00:00,0.0,1.0,9.808789819540184,0.3476758750262412,10.096563299279042,0.4442189581400992
firm_13,2019-12-31T00:00:00,0.0,1.0,10.031319365321188,0.3569985561484325,11.054526205642077,-1.2100431355431125
firm_13,2020-01-31T00:00:00,0.0,1.0,10.502017217091492,0.3174853035971129,10.56709851835648,-0.2226724892783561
firm_13,2020-02-29T00:00:00,0.0,1.0,10.430536978466684,0.3797240593536317,11.921792870048105,1.0905516745930213
firm_13,2020-03-31T00:00:00,0.0,1.0,10.307360837574926,0.359553597825231,12.559949439496826,0.9032323065430016
firm_13,2020-04-30T00:00:00,0.0,1.0,10.473436654467909,0.3151534355906484,11.950854394864832,-0.7553762332504455
firm_13,2020-05-31T00:00:00,0.0,1.0,9.63458006791547,0.3727106757913248,9.4639267518054,-0.8931232186247189
firm_13,2020-06-30T00:00:00,0.0,1.0,10.738368044740865,0.3742799725991251,13.3252817068641,1.29827135811474
firm_13,2020-07-31T00:00:00,0.0,1.0,10.907960860970446,0.371359184922081,11.655521686149552,-0.1407638202151869
firm_13,2020-08-31T00:00:00,0.0,1.0,10.786468749809812,0.3682720677170176,11.078776847194211,-0.2905876905867785
firm_13,2020-09-30T00:00:00,0.0,1.0,10.082625166162927,0.3072826411847287,12.38578542931953,-0.0214080912187549
firm_13,2020-10-31T00:00:00,0.0,1.0,10.744693485536168,0.3961584242552962,12.85261541920458,0.573615315830906
firm_13,2020-11-30T00:00:00,0.0,1.0,10.6905967284906,0.3712910197807981,12.180917308114724,-0.2582239349453076
firm_13,2020-12-31T00:00:00,0.0,1.0,10.75133193125982,0.3700606090118785,11.650647421090884,-0.0578449840248847
firm_14,2018-01-31T00:00:00,0.0,0.0,9.527330710384613,0.370189628193969,7.721867227084795,0.3884010627252303
firm_14,2018-02-28T00:00:00,0.0,0.0,9.448633216732112,0.3746376551108801,9.206429498766749,-0.0789934627217457
firm_14,2018-03-31T00:00:00,0.0,0.0,10.029750975401113,0.3780980236472292,7.901525923117486,-0.5642578199292434
firm_14,2018-04-30T00:00:00,0.0,0.0,9.77628492389498,0.3748258787213361,8.500903178174454,-0.3350506577856685
firm_14,2018-05-31T00:00:00,0.0,0.0,9.246730990705029,0.3464408401957796,6.610023355159632,-0.1627426912903698
firm_14,2018-06-30T00:00:00,0.0,0.0,9.64434586100015,0.395923940441693,7.067179232639298,0.4075847565486192
firm_14,2018-07-31T00:00:00,0.0,0.0,9.705543788377213,0.3018588473013928,9.097606249369784,0.1183913263995275
firm_14,2018-08-31T00:00:00,0.0,0.0,9.30773889144144,0.3289095239160413,8.894645799853674,0.0693390342452859
firm_14,2018-09-30T00:00:00,0.0,0.0,9.699386668687495,0.3548774594318623,7.4519627441492755,-0.0238025433465811
firm_14,2018-10-31T00:00:00,0.0,0.0,9.621719541584266,0.4126831139831132,9.63857055447886,0.4034667663206389
firm_14,2018-11-30T00:00:00,0.0,0.0,9.624562207669594,0.3658063344417157,9.671641697123905,-0.3475667674542015
firm_14,2018-12-31T00:00:00,0.0,0.0,9.678946790689544,0.3849127454648155,8.654292605318183,0.8880549034734325
firm_14,2019-01-31T00:00:00,0.0,0.0,10.18034781432451,0.3981688347038249,8.769693088912797,-1.7598269614438429
firm_14,2019-02-28T00:00:00,0.0,0.0,9.626252106779738,0.4385040237206177,8.565869878888357,-0.4244276737871416
firm_14,2019-03-31T00:00:00,0.0,0.0,9.90940165868652,0.4033121851926947,9.48093803594118,-0.1751570032777365
firm_14,2019-04-30T00:00:00,0.0,0.0,10.030025437011416,0.3463887513279542,9.677158031431285,-0.1180840978896136
firm_14,2019-05-31T00:00:00,0.0,0.0,9.827407762142634,0.3961046384480857,9.951407943103666,0.2753883163948725
firm_14,2019-06-30T00:00:00,0.0,0.0,9.525679557214996,0.4225447060442537,8.494186327733347,0.5236165635330445
firm_14,2019-07-31T00:00:00,0.0,1.0,10.722994394379302,0.3667636649091743,9.855712544463003,0.2721111781111122
firm_14,2019-08-31T00:00:00,0.0,1.0,10.038063685069996,0.3990400536895135,9.368573259297218,-0.1507165319218428
firm_14,2019-09-30T00:00:00,0.0,1.0,10.663212671245974,0.3769209245420294,8.73214885556585,-0.0936284762030963
firm_14,2019-10-31T00:00:00,0.0,1.0,9.605811323379331,0.3883482311407423,10.74415107956466,0.5132911325491012
firm_14,2019-11-30T00:00:00,0.0,1.0,10.59731738879056,0.4162056919486309,8.691986436722072,0.1353593112007547
firm_14,2019-12-31T00:00:00,0.0,1.0,10.53540769798531,0.3765829689263222,9.002900537390051,-0.8920255965219055
firm_14,2020-01-31T00:00:00,0.0,1.0,10.060683131354962,0.400712156191576,10.764146893954155,-0.2203598911867088
firm_14,2020-02-29T00:00:00,0.0,1.0,10.0725617859406,0.3713858295902991,9.910020614830584,0.5320707252305922
firm_14,2020-03-31T00:00:00,0.0,1.0,11.022818319822958,0.3743445037354733,11.89861086945845,0.3609116547104386
firm_14,2020-04-30T00:00:00,0.0,1.0,10.160399400568974,0.3515086376177491,9.36567051035255,-0.3914374070942218
firm_14,2020-05-31T00:00:00,0.0,1.0,10.415517475629722,0.3541017516175229,11.740362408957656,0.7742527243092931
firm_14,2020-06-30T00:00:00,0.0,1.0,10.174806422592384,0.424702076041565,10.920514231058206,0.6695268048044074
firm_14,2020-07-31T00:00:00,0.0,1.0,10.688258059848437,0.4267220487381276,10.239536158080917,0.7524233049101015
firm_14,2020-08-31T00:00:00,0.0,1.0,10.469742044552511,0.3385024889904995,12.127720802868366,0.8135110184490861
firm_14,2020-09-30T00:00:00,0.0,1.0,10.31930107571998,0.3679795915761844,9.637793624497142,-0.5749260106923104
firm_14,2020-10-31T00:00:00,0.0,1.0,10.903798335482271,0.3915306810381295,11.777960288457033,0.8630079085947839
firm_14,2020-11-30T00:00:00,0.0,1.0,10.539703218494187,0.4274773706368875,12.441822158244143,0.340762132291544
firm_14,2020-12-31T00:00:00,0.0,1.0,10.892046992978925,0.354241465733437,11.310003600162398,0.715385650402129
firm_15,2018-01-31T00:00:00,0.0,0.0,9.944347375041511,0.3730191622760323,7.386314935919598,-0.5025684281837655
firm_15,2018-02-28T00:00:00,0.0,0.0,10.001583299171507,0.4525281260772607,6.349523328364377,-0.8164668889872548
firm_15,2018-03-31T00:00:00,0.0,0.0,9.649442959033218,0.3546271329137677,7.760583377108597,-0.4726148008059472
firm_15,2018-04-30T00:00:00,0.0,0.0,8.976468298581281,0.4480800830966462,6.710718976475315,-0.7382780149831005
firm_15,2018-05-31T00:00:00,0.0,0.0,9.754660273983983,0.360463278974221,8.205824943774415,-0.2020256040419157
firm_15,2018-06-30T00:00:00,0.0,0.0,9.811465147036367,0.4077565071053909,7.292193370579704,-0.4114396493323787
firm_15,2018-07-31T00:00:00,0.0,0.0,9.8966184915796,0.4146907744646438,7.530372329568167,-1.142143457839234
firm_15,2018-08-31T00:00:00,0.0,0.0,9.675608882758167,0.3913969825104761,10.147385274494928,1.730250787663719
firm_15,2018-09-30T00:00:00,0.0,0.0,9.728306541428696,0.4285065861839728,8.018078089038072,1.009343406271909
firm_15,2018-10-31T00:00:00,0.0,0.0,10.31949142116499,0.4164188929190822,8.362896186914023,-0.0336523960849147
firm_15,2018-11-30T00:00:00,0.0,0.0,9.90441204193782,0.4262312063975321,9.276801329483396,0.655588785463443
firm_15,2018-12-31T00:00:00,0.0,0.0,10.045300933415234,0.375061024269016,10.516569123503496,0.7189011981338453
firm_15,2019-01-31T00:00:00,0.0,0.0,9.809908343954309,0.4181100325996171,9.363422888165353,-0.4710238544313201
firm_15,2019-02-28T00:00:00,0.0,0.0,10.193868390927545,0.3686214489015104,7.87154958429949,-0.4958522725901696
firm_15,2019-03-31T00:00:00,0.0,0.0,9.999066641042162,0.367202692076584,9.791158842575346,0.0245538368915295
firm_15,2019-04-30T00:00:00,0.0,0.0,10.008418142456971,0.4554088167845669,10.096401733046864,0.7126701988850895
firm_15,2019-05-31T00:00:00,0.0,0.0,9.903826612897603,0.3370618840054693,8.009301155971839,-0.4756056893736665
firm_15,2019-06-30T00:00:00,0.0,0.0,10.41852925068575,0.4236677250660035,9.769681894419351,-0.453125500569022
firm_15,2019-07-31T00:00:00,0.0,1.0,10.68306477324669,0.3918470704935383,9.530456085422246,1.2787219519600723
firm_15,2019-08-31T00:00:00,0.0,1.0,10.257964810332233,0.3767909845855622,10.0891069648169,0.8711104465550977
firm_15,2019-09-30T00:00:00,0.0,1.0,10.644966734942187,0.4109017232096138,10.4316624568876,1.0636693068618084
firm_15,2019-10-31T00:00:00,0.0,1.0,10.578117579146005,0.3992093020830788,9.136353206674936,0.2239644648966086
firm_15,2019-11-30T00:00:00,0.0,1.0,9.7939223714024,0.4321341655191638,10.44191432446524,1.1730584134486586
firm_15,2019-12-31T00:00:00,0.0,1.0,10.341633974442647,0.4412156398168126,11.58145503031747,1.237817492550974
firm_15,2020-01-31T00:00:00,0.0,1.0,10.503799353986736,0.3385576079109981,8.581350058448631,0.0804407356888123
firm_15,2020-02-29T00:00:00,0.0,1.0,10.839760145276998,0.4095278094411576,9.982045427105124,0.5993709128573632
firm_15,2020-03-31T00:00:00,0.0,1.0,10.501269762896728,0.3564127751914266,8.924787712466692,-1.8709995445674168
firm_15,2020-04-30T00:00:00,0.0,1.0,10.793953461823149,0.3421746506272856,11.447436926429797,0.9543999688917938
firm_15,2020-05-31T00:00:00,0.0,1.0,10.417943579603996,0.4040115853287399,10.862634281878483,-0.5162116940058479
firm_15,2020-06-30T00:00:00,0.0,1.0,10.00438534199092,0.3691981124720201,10.47091994448931,0.442324429987021
firm_15,2020-07-31T00:00:00,0.0,1.0,10.784757127635007,0.4318780826262073,10.93328715273556,-0.7033500094821568
firm_15,2020-08-31T00:00:00,0.0,1.0,10.701364682268686,0.429773932711998,10.981072713286494,1.1143617022225534
firm_15,2020-09-30T00:00:00,0.0,1.0,10.570337902570987,0.372147272808056,11.665376171454326,-0.1203100266879232
firm_15,2020-10-31T00:00:00,0.0,1.0,10.795412838868486,0.4160763905521354,11.278365735993075,-0.1380856599722825
firm_15,2020-11-30T00:00:00,0.0,1.0,10.72632427640822,0.4312893064712529,12.380532673678935,-0.00119473495203
firm_15,2020-12-31T00:00:00,0.0,1.0,10.819172030000876,0.4217842383907937,9.77726403483247,-1.336758394811017
firm_16,2018-01-31T00:00:00,0.0,0.0,9.99295310793552,0.3760922638345412,8.839620295627299,-0.6514486290812986
firm_16,2018-02-28T00:00:00,0.0,0.0,9.54929965494407,0.3784035769745719,7.501041572180409,-0.0907927288322609
firm_16,2018-03-31T00:00:00,0.0,0.0,9.5652107908586,0.3203509674857221,8.395454952994662,0.5198513253437602
firm_16,2018-04-30T00:00:00,0.0,0.0,9.984705592524666,0.3615542815124851,8.370383898216298,0.045428438153744
firm_16,2018-05-31T00:00:00,0.0,0.0,9.861584163581869,0.3566463247983432,7.56746298121717,0.6549601363545763
firm_16,2018-06-30T00:00:00,0.0,0.0,10.119570843119016,0.3582438415039618,7.817294680108127,0.563630710949298
firm_16,2018-07-31T00:00:00,0.0,0.0,10.285282487106617,0.3529887665455765,10.435491638257554,1.7643564588319476
firm_16,2018-08-31T00:00:00,0.0,0.0,10.324170116755626,0.3533636384247279,7.791887904121908,-0.5748424387149419
firm_16,2018-09-30T00:00:00,0.0,0.0,10.070576616992629,0.3380298346886772,8.454888841361575,0.3304540491178598
firm_16,2018-10-31T00:00:00,0.0,0.0,9.751276942360503,0.3191936121102746,9.318679092421656,-0.063937103168038
firm_16,2018-11-30T00:00:00,0.0,0.0,10.01289098322784,0.3750365968500725,9.402832379125742,-0.2716887807195877
firm_16,2018-12-31T00:00:00,0.0,0.0,10.428295073576331,0.3680321118373812,8.683654661485559,1.0674167932048504
firm_16,2019-01-31T00:00:00,0.0,0.0,9.844540631841468,0.3749938929966001,9.394916074461426,-0.526001328905342
firm_16,2019-02-28T00:00:00,0.0,0.0,10.34682350127152,0.3438032559953106,9.156599304553865,-0.7463051491012855
firm_16,2019-03-31T00:00:00,0.0,0.0,10.427843199274824,0.3492966927984123,10.035723231548012,0.1375384756662012
firm_16,2019-04-30T00:00:00,0.0,0.0,10.557193823005594,0.3818412550158526,9.439629290238956,0.1360636030943623
firm_16,2019-05-31T00:00:00,0.0,0.0,10.388247024757392,0.3508067165878539,9.863584786767918,-0.1946152753065296
firm_16,2019-06-30T00:00:00,0.0,0.0,10.385147733256238,0.3598851390426484,8.220900307951439,-0.6796367369564116
firm_16,2019-07-31T00:00:00,0.0,1.0,10.738792226206384,0.3887534256822898,9.126836655730193,0.1377006852168685
firm_16,2019-08-31T00:00:00,0.0,1.0,10.73834980950817,0.3409044243119004,11.118741450968525,0.5309828467461792
firm_16,2019-09-30T00:00:00,0.0,1.0,9.955753798089232,0.36687195837762,10.41129325608811,1.076426507148364
firm_16,2019-10-31T00:00:00,0.0,1.0,10.383017719341302,0.3275811537417671,9.861297168579416,0.2295192159889608
firm_16,2019-11-30T00:00:00,0.0,1.0,10.402026559721966,0.3437947589063019,9.361980529302096,0.4346362884381685
firm_16,2019-12-31T00:00:00,0.0,1.0,10.464111308000634,0.3618855494670113,11.047414669791802,1.038060658771962
firm_16,2020-01-31T00:00:00,0.0,1.0,10.424313627405336,0.335610016434846,9.448024786836562,1.0402600169002378
firm_16,2020-02-29T00:00:00,0.0,1.0,10.39180263685583,0.370939271956174,9.79810832596778,0.8081506863370418
firm_16,2020-03-31T00:00:00,0.0,1.0,10.715434135437304,0.3280338860703463,10.963348339889103,0.1083267959218633
firm_16,2020-04-30T00:00:00,0.0,1.0,10.421364890927892,0.3652114970821165,11.4856718745502,2.0377994581278127
firm_16,2020-05-31T00:00:00,0.0,1.0,11.075903396330125,0.3914597505779875,11.484001943376962,-0.6158006069783843
firm_16,2020-06-30T00:00:00,0.0,1.0,10.822780125597737,0.3625456535854712,11.569366594264626,-0.0696755162913969
firm_16,2020-07-31T00:00:00,0.0,1.0,10.677646711157015,0.3660063833239336,10.873854290958503,1.612649145138519
firm_16,2020-08-31T00:00:00,0.0,1.0,10.471255800937769,0.3122600251849573,8.956328700444436,-0.8196186011906168
firm_16,2020-09-30T00:00:00,0.0,1.0,10.687223565164016,0.3794124982735798,10.65679422905371,0.3691201498813997
firm_16,2020-10-31T00:00:00,0.0,1.0,11.085854106016296,0.3523475582855043,10.56120642470533,-0.2425206257982721
firm_16,2020-11-30T00:00:00,0.0,1.0,10.9263138152825,0.3904617152265593,10.463890152505272,0.042256290436236
firm_16,2020-12-31T00:00:00,0.0,1.0,11.101112540298075,0.3580287684974337,10.178964247614864,-0.4578520499684978
firm_17,2018-01-31T00:00:00,0.0,0.0,9.837836245891667,0.3726627744577474,7.950742307513602,-0.6647263375713477
firm_17,2018-02-28T00:00:00,0.0,0.0,9.909846864143386,0.3834453532548966,9.549904007230287,0.4722382873921787
firm_17,2018-03-31T00:00:00,0.0,0.0,10.01417237216169,0.3408811826195892,10.051583226858613,-0.0359744187921401
firm_17,2018-04-30T00:00:00,0.0,0.0,9.873043313227454,0.3745633638491397,10.131741995817912,1.5787242178175436
firm_17,2018-05-31T00:00:00,0.0,0.0,10.208382214732056,0.3196818029792762,10.533498937692574,-0.3644180388321777
firm_17,2018-06-30T00:00:00,0.0,0.0,10.27298400441996,0.3669203295719747,9.224471434216664,-0.2069370651533849
firm_17,2018-07-31T00:00:00,0.0,0.0,10.56610306794638,0.359665460282648,9.9169660982377,0.5382267101718734
firm_17,2018-08-31T00:00:00,0.0,0.0,10.1736829225322,0.4134843993003521,10.101577359582471,-0.9729370059767246
firm_17,2018-09-30T00:00:00,0.0,0.0,10.082355676309485,0.4057440638848486,9.5531160743186,-0.3443751534229577
firm_17,2018-10-31T00:00:00,0.0,0.0,10.462954082389878,0.3615296735051382,9.008083326672272,-0.5169108508854349
firm_17,2018-11-30T00:00:00,0.0,0.0,9.917712912470671,0.3570704265466028,11.111196545159617,0.6774706309039299
firm_17,2018-12-31T00:00:00,0.0,0.0,10.386938096721696,0.3782323714216552,9.557423262074698,-0.5106819633624082
firm_17,2019-01-31T00:00:00,0.0,0.0,10.44560257849052,0.3077449183349363,11.649158183509035,0.9783917363794692
firm_17,2019-02-28T00:00:00,0.0,0.0,10.804307045144371,0.4015635076887565,12.257703039160246,1.484517166146764
firm_17,2019-03-31T00:00:00,0.0,0.0,10.486909229547196,0.3497737621308605,10.667520458658007,0.2540227586347842
firm_17,2019-04-30T00:00:00,0.0,0.0,10.454060488268462,0.3411899110389364,11.36793247867864,0.8407916626119428
firm_17,2019-05-31T00:00:00,0.0,0.0,10.505251942977605,0.3546719570953939,9.978940007043557,-0.2301276986766207
firm_17,2019-06-30T00:00:00,0.0,0.0,10.512032335970847,0.3769312517549359,11.314711236030034,-0.4210133404311176
firm_17,2019-07-31T00:00:00,0.0,1.0,10.14699788588966,0.3340492311541281,10.712619682090311,0.2033137528702225
firm_17,2019-08-31T00:00:00,0.0,1.0,10.180732157397705,0.3151196733462753,11.75778909867114,-0.4395755233385396
firm_17,2019-09-30T00:00:00,0.0,1.0,10.236300999406804,0.3898977859170821,12.471007226950697,0.4984013035081952
firm_17,2019-10-31T00:00:00,0.0,1.0,10.34444556321337,0.3730122379778812,9.580522215543432,-1.259244796158112
firm_17,2019-11-30T00:00:00,0.0,1.0,10.467731339499988,0.3524814599828501,11.321406940507384,0.8765183869196524
firm_17,2019-12-31T00:00:00,0.0,1.0,10.90672702746796,0.4292517769780778,12.63055429140224,0.1201889326214266
firm_17,2020-01-31T00:00:00,0.0,1.0,10.88859072659847,0.3060415112612291,11.65305450017435,-0.489235787337742
firm_17,2020-02-29T00:00:00,0.0,1.0,10.571485268860751,0.3655173908125549,10.786278506406408,-0.2200808311176588
firm_17,2020-03-31T00:00:00,0.0,1.0,10.680509554620302,0.3677832106039018,11.396942618568367,-0.2642832346323179
firm_17,2020-04-30T00:00:00,0.0,1.0,10.542698991781837,0.3963594046836338,9.913843154315462,-0.6121199999649751
firm_17,2020-05-31T00:00:00,0.0,1.0,10.992947435840197,0.3591670822919155,11.201953121801624,-0.7717807562042556
firm_17,2020-06-30T00:00:00,0.0,1.0,11.037381385459854,0.3168347256120729,10.954493909107043,-1.59674173071406
firm_17,2020-07-31T00:00:00,0.0,1.0,10.585826090642149,0.3526057278908165,13.704020120029435,1.31315467403412
firm_17,2020-08-31T00:00:00,0.0,1.0,10.654388127967124,0.403794480971115,11.315658701955169,-0.3389784936712561
firm_17,2020-09-30T00:00:00,0.0,1.0,10.725901397535177,0.3322637299293615,11.297138095733164,-0.4068750425647934
firm_17,2020-10-31T00:00:00,0.0,1.0,10.961393810309746,0.4042553574758583,11.839814863407476,-1.4671495389112246
firm_17,2020-11-30T00:00:00,0.0,1.0,10.717119730130928,0.3947382994917472,11.129643274040202,-0.0372758851422019
firm_17,2020-12-31T00:00:00,0.0,1.0,11.162012940901125,0.3485585030573602,11.665854033986,-0.4130121529906086
firm_18,2018-01-31T00:00:00,0.0,0.0,10.181972346694945,0.412097513041799,7.853191231008656,-0.6577652510341042
firm_18,2018-02-28T00:00:00,0.0,0.0,9.884202995956542,0.3565110499688677,10.046280257269917,0.2538424160033189
firm_18,2018-03-31T00:00:00,0.0,0.0,10.34839473952584,0.3215648750602067,8.825315896466615,0.7468539987341158
firm_18,2018-04-30T00:00:00,0.0,0.0,10.27838352535545,0.3507561653068054,9.798341142475216,-1.0966359242748682
firm_18,2018-05-31T00:00:00,0.0,0.0,9.474672712919702,0.3627467381123675,8.572752225879164,-0.4298965813927122
firm_18,2018-06-30T00:00:00,0.0,0.0,9.993890251570145,0.3440271134437975,8.866642455725326,0.1252556415295037
firm_18,2018-07-31T00:00:00,0.0,0.0,10.213505341295935,0.3644357333069292,9.688012913278754,-0.3980766610638929
firm_18,2018-08-31T00:00:00,0.0,0.0,10.302828220224937,0.3430112292711969,10.733169075304366,0.1305338033460168
firm_18,2018-09-30T00:00:00,0.0,0.0,10.323666921585897,0.4111399292360881,9.620248924110951,0.4068382751813702
firm_18,2018-10-31T00:00:00,0.0,0.0,10.348471260921576,0.3954567377876152,10.110850070160565,0.5284853966219142
firm_18,2018-11-30T00:00:00,0.0,0.0,10.54663969926026,0.3912601993137314,10.016545383122097,0.8672758251895005
firm_18,2018-12-31T00:00:00,0.0,0.0,10.463535142916658,0.359354030054056,9.17704099524918,-0.2686955354440911
firm_18,2019-01-31T00:00:00,0.0,0.0,10.713903661806274,0.3713301316591176,9.996441571537142,0.6606533229210731
firm_18,2019-02-28T00:00:00,0.0,0.0,10.508999612275623,0.3785000934336043,9.680435182488932,-0.5150919281287764
firm_18,2019-03-31T00:00:00,0.0,0.0,10.455429588978058,0.3577437734665022,10.872358594768748,-0.1004722483972047
firm_18,2019-04-30T00:00:00,0.0,0.0,10.117020896389905,0.392221826487549,10.934864238373176,0.1226662748710482
firm_18,2019-05-31T00:00:00,0.0,0.0,10.9039759088339,0.3632743694604678,11.532588241710942,-0.7718554071874462
firm_18,2019-06-30T00:00:00,0.0,0.0,10.71009779306236,0.3414790350539384,10.38302462627966,0.2120918764437651
firm_18,2019-07-31T00:00:00,0.0,1.0,10.620985982248056,0.3602748883992415,10.364156586856112,-0.3468475868775798
firm_18,2019-08-31T00:00:00,0.0,1.0,10.450582525618206,0.3796167677031802,11.564283289742194,1.5341471291025448
firm_18,2019-09-30T00:00:00,0.0,1.0,11.06103678325909,0.3600623372696022,9.712407742505809,-0.2554022543803168
firm_18,2019-10-31T00:00:00,0.0,1.0,11.179256239937407,0.3917635337495364,12.037862911686398,-0.6116515103797474
firm_18,2019-11-30T00:00:00,0.0,1.0,11.045869849449716,0.3928143012563404,12.657163691793937,0.7462099061241696
firm_18,2019-12-31T00:00:00,0.0,1.0,10.354967518031708,0.3872804226370866,11.600767517907862,-0.2793002008232222
firm_18,2020-01-31T00:00:00,0.0,1.0,10.310589943131456,0.338530720071852,11.25358423715259,-0.0154118468687036
firm_18,2020-02-29T00:00:00,0.0,1.0,10.337032921041644,0.3702338295820517,12.438819214991527,0.3513647515416419
firm_18,2020-03-31T00:00:00,0.0,1.0,11.16724688545035,0.3596578060090022,11.63095328531926,0.913803745310605
firm_18,2020-04-30T00:00:00,0.0,1.0,10.67345528844682,0.3524955692879703,11.729268022915026,-0.5364325233190879
firm_18,2020-05-31T00:00:00,0.0,1.0,10.51013080465392,0.3576098265391255,10.565572706872608,-1.113474488969432
firm_18,2020-06-30T00:00:00,0.0,1.0,10.894065473132134,0.3905149205507133,13.151412580780084,0.756228905591501
firm_18,2020-07-31T00:00:00,0.0,1.0,10.8909465071688,0.377365276056428,12.013124264641643,-0.5944948363845366
firm_18,2020-08-31T00:00:00,0.0,1.0,10.974977607578015,0.3320811398076562,12.278449212005038,1.027166761317417
firm_18,2020-09-30T00:00:00,0.0,1.0,10.67139607924613,0.3951907391620402,10.353373342313512,-0.3616402889571951
firm_18,2020-10-31T00:00:00,0.0,1.0,10.969638027395217,0.3860545151433368,13.655574108687702,-0.5529623726364039
firm_18,2020-11-30T00:00:00,0.0,1.0,10.981744214777246,0.3582376287931469,12.505614370464755,0.3084901602184978
firm_18,2020-12-31T00:00:00,0.0,1.0,10.981886706075686,0.3792637186618014,12.999094882246448,0.9086987110793208
